video_id,comentario_id,comentario_pai_id,tipo,texto,curtidas,publicado_em,atualizado_em,titulo_video,texto_leve,texto_limpo,n_emojis,n_risadas,n_timestamps,idioma,classificar,lemas,entidades
40QyA5f3Qo0,UgwH6fQebPXEYQdubKh4AaABAg,,principal,Obrigado,0,2026-01-11T19:03:29Z,2026-01-11T19:03:29Z,7 Editores Incríveis para Programar  Online que Você Deveria Experimentar,Obrigado,obrigado,0,0,0,indefinido,True,,
40QyA5f3Qo0,UgxfvXRhzesvwjofg8x4AaABAg,,principal,Waleu mestres estou iniciando e o canal de voces tem ajudado muito na caminhada.,0,2025-03-14T12:16:01Z,2025-03-14T12:16:01Z,7 Editores Incríveis para Programar  Online que Você Deveria Experimentar,Waleu mestres estou iniciando e o canal de voces tem ajudado muito na caminhada.,waleu mestres estou iniciando e o canal de voces tem ajudado muito na caminhada,0,0,0,pt,True,waleu mestre iniciar voce ajudar caminhada,Waleu|LOC
40QyA5f3Qo0,Ugxun9qd52VH-MR8_aZ4AaABAg,,principal,A maioria dessas ide e editor de códigos é possível utilizar no smartphone realmente? Infelizmente meu notebook está chegando ao fim de sua vida e programar nele está sendo bem difícil,0,2025-03-05T05:11:22Z,2025-03-05T05:11:22Z,7 Editores Incríveis para Programar  Online que Você Deveria Experimentar,A maioria dessas ide e editor de códigos é possível utilizar no smartphone realmente? Infelizmente meu notebook está chegando ao fim de sua vida e programar nele está sendo bem difícil,a maioria dessas ide e editor de códigos é possível utilizar no smartphone realmente infelizmente meu notebook está chegando ao fim de sua vida e programar nele está sendo bem difícil,0,0,0,pt,True,ide editor código utilizar smartphone notebook chegar vida programar difícil,
40QyA5f3Qo0,UgyazPfOdAHbLOFNxNx4AaABAg,,principal,Jsfiddle foi o mais legal,1,2024-10-19T12:19:00Z,2024-10-19T12:19:00Z,7 Editores Incríveis para Programar  Online que Você Deveria Experimentar,Jsfiddle foi o mais legal,jsfiddle foi o mais legal,0,0,0,indefinido,True,jsfiddle legal,Jsfiddle|LOC
40QyA5f3Qo0,UgyazPfOdAHbLOFNxNx4AaABAg.A9m31vpWQVzARo-TipfLl1,UgyazPfOdAHbLOFNxNx4AaABAg,resposta,Ele tem função de contêiner? Eu uso o CodePen e a maior desvantagem dele é não conseguir fazer um Script ou Style unificado para todos os arquivos HTML.,0,2026-01-10T15:51:25Z,2026-01-10T15:51:25Z,7 Editores Incríveis para Programar  Online que Você Deveria Experimentar,Ele tem função de contêiner? Eu uso o CodePen e a maior desvantagem dele é não conseguir fazer um Script ou Style unificado para todos os arquivos HTML.,ele tem função de contêiner eu uso o codepen e a maior desvantagem dele é não conseguir fazer um script ou style unificado para todos os arquivos html,0,0,0,pt,True,função contêiner usar codepen desvantagem conseguir script style unificar arquivo html,CodePen|LOC;Script|MISC;Style|MISC;HTML|MISC
40QyA5f3Qo0,UgzX3ZrLh43qG0dmf414AaABAg,,principal,É possível usar no tablet??,0,2024-10-11T22:34:08Z,2024-10-11T22:34:08Z,7 Editores Incríveis para Programar  Online que Você Deveria Experimentar,É possível usar no tablet??,é possível usar no tablet,0,0,0,pt,True,tablet,
40QyA5f3Qo0,UgyC3dlhfsYIIOWXE394AaABAg,,principal,Olá... gosto muito de seu conteúdo... desculpa a ignorância...vcs tem algum vídeo que tenha como tema: programar pelo celular ou coisa parecida? Muito obrigado ☺️ sou fã de vcs.,1,2024-05-09T16:38:09Z,2024-05-10T11:48:58Z,7 Editores Incríveis para Programar  Online que Você Deveria Experimentar,Olá... gosto muito de seu conteúdo... desculpa a ignorância...vcs tem algum vídeo que tenha como tema: programar pelo celular ou coisa parecida? Muito obrigado ☺️ sou fã de vcs.,olá gosto muito de seu conteúdo desculpa a ignorância vcs tem algum vídeo que tenha como tema programar pelo celular ou coisa parecida muito obrigado sou fã de vcs,1,0,0,pt,True,gostar conteúdo desculpa ignorância ter tema programar celular parecido,vcs|LOC;vcs|LOC
40QyA5f3Qo0,Ugyk6R5Aul-LCj8eyo94AaABAg,,principal,"Uma pergunta simples mas na dúvida. Quero adicionar imagens locais no projeto HTML, como faço pra acessar as pastas, os programas no chrome conseguem acessar ou só aceita imagens online?",1,2024-04-10T00:03:25Z,2024-04-10T00:03:25Z,7 Editores Incríveis para Programar  Online que Você Deveria Experimentar,"Uma pergunta simples mas na dúvida. Quero adicionar imagens locais no projeto HTML, como faço pra acessar as pastas, os programas no chrome conseguem acessar ou só aceita imagens online?",uma pergunta simples mas na dúvida quero adicionar imagens locais no projeto html como faço pra acessar as pastas os programas no chrome conseguem acessar ou só aceita imagens online,0,0,0,pt,True,pergunta simples dúvida adicionar imagem local projeto html acessar pasta programa chrome conseguir acessar aceitar imagem onlinar,HTML|MISC
40QyA5f3Qo0,Ugwi-67C1XtB-BEqd-d4AaABAg,,principal,O sorriso dela é fofo 😊,0,2024-03-19T19:20:02Z,2024-03-19T19:20:02Z,7 Editores Incríveis para Programar  Online que Você Deveria Experimentar,O sorriso dela é fofo 😊,o sorriso dela é fofo,1,0,0,pt,True,sorriso fofo,
40QyA5f3Qo0,UgxfbcvuGkxz5sBd3Kl4AaABAg,,principal,É possível utilizar bibliotecas python em algum deles?,0,2024-03-07T18:15:49Z,2024-03-07T18:15:49Z,7 Editores Incríveis para Programar  Online que Você Deveria Experimentar,É possível utilizar bibliotecas python em algum deles?,é possível utilizar bibliotecas python em algum deles,0,0,0,pt,True,utilizar biblioteca python,
40QyA5f3Qo0,UgwdQYkAFeC4pC3h-p94AaABAg,,principal,Excelente vídeo!,0,2023-12-08T12:49:28Z,2023-12-08T12:49:28Z,7 Editores Incríveis para Programar  Online que Você Deveria Experimentar,Excelente vídeo!,excelente vídeo,0,0,0,indefinido,True,excelente,
40QyA5f3Qo0,UgwllgtVCDbyAEVmxMR4AaABAg,,principal,"Faltou o ""Icecoder"" que é Opensource",0,2023-11-26T14:45:38Z,2023-11-26T14:45:38Z,7 Editores Incríveis para Programar  Online que Você Deveria Experimentar,"Faltou o ""Icecoder"" que é Opensource",faltou o icecoder que é opensource,0,0,0,pt,True,faltar icecoder opensource,Icecoder|MISC;Opensource|LOC
40QyA5f3Qo0,UgylIhrtdSZEMfZue2Z4AaABAg,,principal,A NetScape já havia previsto o futuro da navegação na rede....,0,2023-10-04T17:21:42Z,2023-10-04T17:21:42Z,7 Editores Incríveis para Programar  Online que Você Deveria Experimentar,A NetScape já havia previsto o futuro da navegação na rede....,a netscape já havia previsto o futuro da navegação na rede,0,0,0,pt,True,netscape prever futuro navegação rede,NetScape|MISC
40QyA5f3Qo0,UgzYG6jfVB3rFNhxiM94AaABAg,,principal,"Vídeo sensacional. Bom trabalho, amei as informações.",1,2023-09-29T17:00:36Z,2023-09-29T17:00:36Z,7 Editores Incríveis para Programar  Online que Você Deveria Experimentar,"Vídeo sensacional. Bom trabalho, amei as informações.",vídeo sensacional bom trabalho amei as informações,0,0,0,pt,True,sensacional trabalho ameir informação,
40QyA5f3Qo0,UgyTaYs-6JR8nyT3qk54AaABAg,,principal,"Parabéns pelo canal!
Estou ingressando nessa área de programação. Finalizei um curso HTML básico. Gostaria de saber se vocês indicam algum app que eu possa treinar na rua pelo telefone.",0,2023-06-21T13:57:34Z,2023-06-21T13:57:34Z,7 Editores Incríveis para Programar  Online que Você Deveria Experimentar,Parabéns pelo canal! Estou ingressando nessa área de programação. Finalizei um curso HTML básico. Gostaria de saber se vocês indicam algum app que eu possa treinar na rua pelo telefone.,parabéns pelo canal estou ingressando nessa área de programação finalizei um curso html básico gostaria de saber se vocês indicam algum app que eu possa treinar na rua pelo telefone,0,0,0,pt,True,parabéns ingressar programação finalizei curso html básico gostar indicar app poder treinar rua telefone,Parabéns|LOC;Finalizei|LOC;HTML|MISC
40QyA5f3Qo0,UgxLAhQENY8LZgHeBIl4AaABAg,,principal,A quem interessar a Code Any Where infelismente não está mais funcionando,0,2023-06-14T14:08:10Z,2023-06-14T14:08:10Z,7 Editores Incríveis para Programar  Online que Você Deveria Experimentar,A quem interessar a Code Any Where infelismente não está mais funcionando,a quem interessar a code any where infelismente não está mais funcionando,0,0,0,pt,True,interessar code any where funcionar,Code Any Where|MISC
40QyA5f3Qo0,UgyIRRYGmAi23fvB-l94AaABAg,,principal,"Po vlw, alguns desses tem ate pra smartphone, voces   são foda",0,2023-06-13T14:51:51Z,2023-06-13T14:51:51Z,7 Editores Incríveis para Programar  Online que Você Deveria Experimentar,"Po vlw, alguns desses tem ate pra smartphone, voces são foda",po vlw alguns desses tem ate pra smartphone voces são foda,0,0,0,pt,True,vlw voce fodo,
40QyA5f3Qo0,Ugx-xNAcwG6eS5-B8Np4AaABAg,,principal,Incrível,0,2023-05-06T19:52:49Z,2023-05-06T19:52:49Z,7 Editores Incríveis para Programar  Online que Você Deveria Experimentar,Incrível,incrível,0,0,0,indefinido,True,incrível,Incrível|PER
40QyA5f3Qo0,Ugy-de2rlnB5KSTIW-t4AaABAg,,principal,"Aaa me salvaram, meu computar de 32 bits não dava pra nada, não sabia que existia uma vesão web do Vscode 🤡",1,2023-03-16T21:29:08Z,2023-03-16T21:29:08Z,7 Editores Incríveis para Programar  Online que Você Deveria Experimentar,"Aaa me salvaram, meu computar de 32 bits não dava pra nada, não sabia que existia uma vesão web do Vscode 🤡",aaa me salvaram meu computar de bits não dava pra nada não sabia que existia uma vesão web do vscode,1,0,0,pt,True,aaa salvar computar bit dar saber existir vesão web vscode,Vscode|MISC
40QyA5f3Qo0,Ugz9UXvZrEALGmfog1l4AaABAg,,principal,onde compro a camisa kkkk,0,2023-02-02T15:19:22Z,2023-02-02T15:19:22Z,7 Editores Incríveis para Programar  Online que Você Deveria Experimentar,onde compro a camisa kk,onde compro a camisa,0,1,0,pt,True,compro camisa,
40QyA5f3Qo0,UgxsGYj3QkqHrlDpC2J4AaABAg,,principal,certo mas e na pratica? vocês utilizam web ou ainda só ficam mesmo no desktop?,1,2023-01-25T12:41:12Z,2023-01-25T12:41:12Z,7 Editores Incríveis para Programar  Online que Você Deveria Experimentar,certo mas e na pratica? vocês utilizam web ou ainda só ficam mesmo no desktop?,certo mas e na pratica vocês utilizam web ou ainda só ficam mesmo no desktop,0,0,0,pt,True,pratica utilizar ficar desktop,
40QyA5f3Qo0,UgzMfIAlENvmuNpun9l4AaABAg,,principal,"Algum recomendado para celular? 
Tentei eles mas pelo celular nenhum ficou ""adaptado"" de forma fácil",1,2023-01-19T13:36:15Z,2023-01-19T13:36:15Z,7 Editores Incríveis para Programar  Online que Você Deveria Experimentar,"Algum recomendado para celular? Tentei eles mas pelo celular nenhum ficou ""adaptado"" de forma fácil",algum recomendado para celular tentei eles mas pelo celular nenhum ficou adaptado de forma fácil,0,0,0,pt,True,recomendar celular celular ficar adaptado fácil,
40QyA5f3Qo0,UgxpPRFMzcncLVZCdOx4AaABAg,,principal,boa,0,2023-01-01T20:04:27Z,2023-01-01T20:04:27Z,7 Editores Incríveis para Programar  Online que Você Deveria Experimentar,boa,boa,0,0,0,indefinido,True,,
40QyA5f3Qo0,Ugx1CrAOH0hegBla1tR4AaABAg,,principal,"e o replit, é muito bom o meu preferido",2,2022-12-29T16:30:41Z,2022-12-29T16:30:41Z,7 Editores Incríveis para Programar  Online que Você Deveria Experimentar,"e o replit, é muito bom o meu preferido",e o replit é muito bom o meu preferido,0,0,0,pt,True,replit preferido,
40QyA5f3Qo0,Ugx1CrAOH0hegBla1tR4AaABAg.9kE3BwaKMOUARo-DN7sO8U,Ugx1CrAOH0hegBla1tR4AaABAg,resposta,Começou bom e se tornou uma porcaria. O plano gratuito não tem serventia e o plano pago é caro pra сагаΙно.,0,2026-01-10T15:49:11Z,2026-01-10T15:49:11Z,7 Editores Incríveis para Programar  Online que Você Deveria Experimentar,Começou bom e se tornou uma porcaria. O plano gratuito não tem serventia e o plano pago é caro pra сагаΙно.,começou bom e se tornou uma porcaria o plano gratuito não tem serventia e o plano pago é caro pra,0,0,0,pt,True,começar tornar porcaria plano gratuito serventia plano pagar caro,сагаΙно|MISC
40QyA5f3Qo0,UgzXQQz2vfe26QY1fU94AaABAg,,principal,"Esse Canal é fantástico, mais seria possível aprender a programar pelo celular ?🤔🤔🤔",3,2022-12-11T09:09:26Z,2022-12-11T09:09:26Z,7 Editores Incríveis para Programar  Online que Você Deveria Experimentar,"Esse Canal é fantástico, mais seria possível aprender a programar pelo celular ?🤔🤔🤔",esse canal é fantástico mais seria possível aprender a programar pelo celular,3,0,0,pt,True,fantástico aprender programar celular,Canal|PER
40QyA5f3Qo0,Ugyhmc59NORXrDA1N3t4AaABAg,,principal,indica um que da pra usar sql na internet,1,2022-11-22T11:49:57Z,2022-11-22T11:49:57Z,7 Editores Incríveis para Programar  Online que Você Deveria Experimentar,indica um que da pra usar sql na internet,indica um que da pra usar sql na internet,0,0,0,pt,True,indicar sql internet,sql|MISC
40QyA5f3Qo0,Ugy9dS4NoOW-VArXFad4AaABAg,,principal,existem IDEs para desenvolvimento mobile como o visual Studio que seja de forma online?,2,2022-11-10T03:59:17Z,2022-11-10T03:59:17Z,7 Editores Incríveis para Programar  Online que Você Deveria Experimentar,existem IDEs para desenvolvimento mobile como o visual Studio que seja de forma online?,existem ides para desenvolvimento mobile como o visual studio que seja de forma online,0,0,0,pt,True,existir ide desenvolvimento mobile visual studio online,IDEs|ORG;Studio|MISC
40QyA5f3Qo0,Ugz-KV9_wWVdv1ga_1d4AaABAg,,principal,Parabéns pelas dicas e vocês dois formam uma dupla inteligentíssima.,2,2022-10-20T02:10:46Z,2022-10-20T02:10:46Z,7 Editores Incríveis para Programar  Online que Você Deveria Experimentar,Parabéns pelas dicas e vocês dois formam uma dupla inteligentíssima.,parabéns pelas dicas e vocês dois formam uma dupla inteligentíssima,0,0,0,pt,True,parabém dica formar dupla inteligentíssimo,Parabéns|LOC
40QyA5f3Qo0,UgzSt-G5DvKJwAVqch54AaABAg,,principal,"Queria que alguém ensinasse como que se mexe em um editor de código, tem tanta informação, que pra quem ta começando não sabe nem o que é extensão e etc.",1,2022-09-27T05:57:47Z,2022-09-27T05:57:47Z,7 Editores Incríveis para Programar  Online que Você Deveria Experimentar,"Queria que alguém ensinasse como que se mexe em um editor de código, tem tanta informação, que pra quem ta começando não sabe nem o que é extensão e etc.",queria que alguém ensinasse como que se mexe em um editor de código tem tanta informação que pra quem ta começando não sabe nem o que é extensão e etc,0,0,0,pt,True,querer ensinar mexer editor código informação começar extensão,
40QyA5f3Qo0,UgxORWveTGC9iyu5kJp4AaABAg,,principal,"Muito boas, as dicas ! Vocês dois forma uma dupla alto astral !",1,2022-09-14T20:32:34Z,2022-09-14T20:32:34Z,7 Editores Incríveis para Programar  Online que Você Deveria Experimentar,"Muito boas, as dicas ! Vocês dois forma uma dupla alto astral !",muito boas as dicas vocês dois forma uma dupla alto astral,0,0,0,pt,True,bom dica dupla alto astral,
40QyA5f3Qo0,Ugw_RhuckbjGyLrkXKZ4AaABAg,,principal,"Falando grego, misturado com aramaico, rs. Preciso de um programa tipo N-View. Eu ia baixar o Uptodown mas a última atualização foi em 2005555555555555555. Fiquei com medooooo. Autor desconhecido, tbm 🤥😬. Algum destes q indicou faz o que ele faz?? Só preciso editar (corrigor/alterar_) coisas já prontas.",0,2022-09-12T12:30:34Z,2022-09-12T12:30:34Z,7 Editores Incríveis para Programar  Online que Você Deveria Experimentar,"Falando grego, misturado com aramaico, rs. Preciso de um programa tipo N-View. Eu ia baixar o Uptodown mas a última atualização foi em 2005555555555555555. Fiquei com medoo. Autor desconhecido, tbm 🤥😬. Algum destes q indicou faz o que ele faz?? Só preciso editar (corrigor/alterar_) coisas já prontas.",falando grego misturado com aramaico rs preciso de um programa tipo n view eu ia baixar o uptodown mas a última atualização foi em fiquei com medoo autor desconhecido tbm algum destes q indicou faz o que ele faz só preciso editar corrigor alterar coisas já prontas,2,0,0,pt,True,falar grego misturar aramaico preciso programa view baixar uptodown último atualização fiquei medoo autor desconhecer indicar preciso editar corrigor alterar coisa pronto,N-View|MISC;Uptodown|LOC
40QyA5f3Qo0,UgyaI-Xs1_esi9-we6Z4AaABAg,,principal,Adorei!!!!!!!!!!!!!!!!!!!!!!!!!!!!!!!!!,1,2022-09-01T22:33:00Z,2022-09-01T22:33:00Z,7 Editores Incríveis para Programar  Online que Você Deveria Experimentar,Adorei!!!!!!!!!!!!!!!!!!!!!!!!!!!!!!!!!,adorei,0,0,0,indefinido,True,adorar,Adorei!!!!!!!!!!!!!!!!!!!!!!!!!!!!!!!!|MISC
40QyA5f3Qo0,Ugyoaq2DKGwPrU31PkJ4AaABAg,,principal,Muito bom! Minha sugestão... um vídeo dedicado ao GitPod ; ) e Viva ser Nômade Digital 🙌,1,2022-08-17T16:24:45Z,2022-08-17T16:24:45Z,7 Editores Incríveis para Programar  Online que Você Deveria Experimentar,Muito bom! Minha sugestão... um vídeo dedicado ao GitPod ; ) e Viva ser Nômade Digital 🙌,muito bom minha sugestão um vídeo dedicado ao gitpod e viva ser nômade digital,1,0,0,pt,True,sugestão dedicar gitpod viver digital,GitPod|MISC;Viva ser Nômade Digital 🙌|MISC
40QyA5f3Qo0,UgxsgOWAhsVtzFyOfOR4AaABAg,,principal,"Ate então usava apenas codificadores instalado no desktop, esse vídeo praticamente me ajudou 90% em questão de facilidade e aprendizagem. Obg!",4,2022-08-08T02:52:53Z,2022-08-08T02:52:53Z,7 Editores Incríveis para Programar  Online que Você Deveria Experimentar,"Ate então usava apenas codificadores instalado no desktop, esse vídeo praticamente me ajudou 90% em questão de facilidade e aprendizagem. Obg!",ate então usava apenas codificadores instalado no desktop esse vídeo praticamente me ajudou em questão de facilidade e aprendizagem obg,0,0,0,pt,True,usar codificador instalar desktop ajudar facilidade aprendizagem,
40QyA5f3Qo0,UgzoRIPdj6D6dCBGEYN4AaABAg,,principal,Comprei um curso de java online e simplesmente não consigo estudar pq meu notebook não pega o eclipse. Vou tentar esses sites online.,1,2022-07-22T18:18:33Z,2022-07-22T18:18:33Z,7 Editores Incríveis para Programar  Online que Você Deveria Experimentar,Comprei um curso de java online e simplesmente não consigo estudar pq meu notebook não pega o eclipse. Vou tentar esses sites online.,comprei um curso de java online e simplesmente não consigo estudar pq meu notebook não pega o eclipse vou tentar esses sites online,0,0,0,pt,True,comprei curso jar online com si estudar notebook pegar eclipse site onliner,Comprei|LOC;java online|MISC
40QyA5f3Qo0,UgzsU6IzuTdP-wrBFT94AaABAg,,principal,"Usei durante muito tempo o Cloud9, mas esse foi comprado pela AWS. Vou testar essas ferramentas, parecem muito boas dicas",2,2022-06-23T16:12:32Z,2022-06-23T16:12:32Z,7 Editores Incríveis para Programar  Online que Você Deveria Experimentar,"Usei durante muito tempo o Cloud9, mas esse foi comprado pela AWS. Vou testar essas ferramentas, parecem muito boas dicas",usei durante muito tempo o cloud mas esse foi comprado pela aws vou testar essas ferramentas parecem muito boas dicas,0,0,0,pt,True,usei cloud comprar aws testar ferramenta parecer bom dica,Usei|PER;Cloud9|MISC;AWS|ORG
40QyA5f3Qo0,UgyvQXc_CODKnKHpR_F4AaABAg,,principal,"Puxa! cada um melhor do que o outro!
E acho que são muito indicados também pra quem não tem um bom computador momentaneamente.
Eu não esperava que tantas tecnologias podiam ser manipuladas através do browser!",3,2022-06-20T20:36:31Z,2022-06-20T20:36:31Z,7 Editores Incríveis para Programar  Online que Você Deveria Experimentar,Puxa! cada um melhor do que o outro! E acho que são muito indicados também pra quem não tem um bom computador momentaneamente. Eu não esperava que tantas tecnologias podiam ser manipuladas através do browser!,puxa cada um melhor do que o outro e acho que são muito indicados também pra quem não tem um bom computador momentaneamente eu não esperava que tantas tecnologias podiam ser manipuladas através do browser,0,0,0,pt,True,puxa bom achar indicado computador esperar tecnologia poder manipular browser,Puxa|PER
40QyA5f3Qo0,Ugzi0FKqhaK9LWKKD-54AaABAg,,principal,*Gratidão por este vídeo !*,2,2022-05-29T20:39:35Z,2022-05-29T20:39:35Z,7 Editores Incríveis para Programar  Online que Você Deveria Experimentar,*Gratidão por este vídeo !*,gratidão por este vídeo,0,0,0,pt,True,gratidão,Gratidão|LOC
40QyA5f3Qo0,UgyuWN-3u0Kd_GKPeYp4AaABAg,,principal,"*Pretendo fazer curso de programação web , pois estou ressuscitando esse meu desejo que eu havia desistido anos atrás, só por causa desse vídeo co parei o meu curdo de iniciante em programação web !*",2,2022-05-29T20:36:33Z,2022-05-29T20:36:33Z,7 Editores Incríveis para Programar  Online que Você Deveria Experimentar,"*Pretendo fazer curso de programação web , pois estou ressuscitando esse meu desejo que eu havia desistido anos atrás, só por causa desse vídeo co parei o meu curdo de iniciante em programação web !*",pretendo fazer curso de programação web pois estou ressuscitando esse meu desejo que eu havia desistido anos atrás só por causa desse vídeo co parei o meu curdo de iniciante em programação web,0,0,0,pt,True,pretender curso programação web ressuscitar desejo desistir ano causa parei curdo iniciante programação,web !*|MISC
40QyA5f3Qo0,UgxQFKFahiI1WdIu5SN4AaABAg,,principal,*Vi um outro vídeo num outro canal  que mostrou um editor online de html php javzsctipt e etc só tanto versão machine como na versão online ! Aqui neste vidro aprendi mais 8 editores programação online web !*,2,2022-05-29T20:34:20Z,2022-05-29T20:35:02Z,7 Editores Incríveis para Programar  Online que Você Deveria Experimentar,*Vi um outro vídeo num outro canal que mostrou um editor online de html php javzsctipt e etc só tanto versão machine como na versão online ! Aqui neste vidro aprendi mais 8 editores programação online web !*,vi um outro vídeo num outro canal que mostrou um editor online de html php javzsctipt e etc só tanto versão machine como na versão online aqui neste vidro aprendi mais editores programação online web,0,0,0,pt,True,ver mostrar editor onlinar html php javzsctipt versão machinar versão onlinar vidro aprender editor programação onlinar web,html|MISC
40QyA5f3Qo0,UgxD9LgflZv8djhOERV4AaABAg,,principal,"*Nossa !* *Eu não sou programador , mas fiquei encanto com as dicas desse vídeo !*",2,2022-05-29T20:32:34Z,2022-05-29T20:32:34Z,7 Editores Incríveis para Programar  Online que Você Deveria Experimentar,"*Nossa !* *Eu não sou programador , mas fiquei encanto com as dicas desse vídeo !*",nossa eu não sou programador mas fiquei encanto com as dicas desse vídeo,0,0,0,pt,True,programador fiquei encanto dica,
40QyA5f3Qo0,UgyzzwMAJV8ltI_HabB4AaABAg,,principal,Galera do código fonte...a qualidade da imagem de vcs está simplesmente Surreal!!!! parabens!,3,2022-05-10T12:34:14Z,2022-05-10T12:34:14Z,7 Editores Incríveis para Programar  Online que Você Deveria Experimentar,Galera do código fonte...a qualidade da imagem de vcs está simplesmente Surreal!!!! parabens!,galera do código fonte a qualidade da imagem de vcs está simplesmente surreal parabens,0,0,0,pt,True,galera código fonte qualidade imagem surreal parabem,vcs|LOC;Surreal!!!! parabens!|MISC
40QyA5f3Qo0,Ugzw0nFw00qredbaDet4AaABAg,,principal,Só conteúdo top das galáxias! Parabéns 👏👏👏,2,2022-03-05T02:56:40Z,2022-03-05T02:56:40Z,7 Editores Incríveis para Programar  Online que Você Deveria Experimentar,Só conteúdo top das galáxias! Parabéns 👏👏👏,só conteúdo top das galáxias parabéns,3,0,0,pt,True,conteúdo top galáxia parabéns,Parabéns|LOC
40QyA5f3Qo0,UgwGlQzdeN6kJQ1KZ5Z4AaABAg,,principal,"Top, vcs são o melhor casal de programadores do Brasil 👏👏👏",3,2022-02-18T13:41:16Z,2022-02-18T13:41:16Z,7 Editores Incríveis para Programar  Online que Você Deveria Experimentar,"Top, vcs são o melhor casal de programadores do Brasil 👏👏👏",top vcs são o melhor casal de programadores do brasil,3,0,0,pt,True,top vcsr bom casal programador brasil,Brasil|LOC
40QyA5f3Qo0,UgxWrmohDye22buLsFN4AaABAg,,principal,"Facam um video  sobre  google colab , Márcio Oliveira de Santana de Parnaiba São Paulo",0,2022-02-15T00:13:01Z,2022-02-15T00:13:28Z,7 Editores Incríveis para Programar  Online que Você Deveria Experimentar,"Facam um video sobre google colab , Márcio Oliveira de Santana de Parnaiba São Paulo",facam um video sobre google colab márcio oliveira de santana de parnaiba são paulo,0,0,0,pt,True,facar google colab márcio oliveira santana parnaiba paulo,Márcio Oliveira de Santana de Parnaiba São Paulo|PER
40QyA5f3Qo0,UgzMDgOrpCMy_vpiTUt4AaABAg,,principal,"Sensacional 👏👏👏... Vou fazer uns testes usando meu Xbox One, se der tudo certo, voltarei aos estudos.  Estou sem PC.",4,2021-10-12T11:56:43Z,2021-10-12T11:56:43Z,7 Editores Incríveis para Programar  Online que Você Deveria Experimentar,"Sensacional 👏👏👏... Vou fazer uns testes usando meu Xbox One, se der tudo certo, voltarei aos estudos. Estou sem PC.",sensacional vou fazer uns testes usando meu xbox one se der tudo certo voltarei aos estudos estou sem pc,3,0,0,pt,True,teste usar xbox dar certo voltarar estudo,Xbox One|MISC
40QyA5f3Qo0,UgwIu_Tdh7cNuftAJcl4AaABAg,,principal,Vocês são sensacionais! Muito obrigada pelo vídeo e pelas informações! <3,2,2021-09-11T00:26:41Z,2021-09-11T00:26:41Z,7 Editores Incríveis para Programar  Online que Você Deveria Experimentar,Vocês são sensacionais! Muito obrigada pelo vídeo e pelas informações! <3,vocês são sensacionais muito obrigada pelo vídeo e pelas informações,0,0,0,pt,True,sensacional informação,Vocês|LOC
40QyA5f3Qo0,UgwWhwSQctGjxXfq9AJ4AaABAg,,principal,"Um casal desses na área de tecnologia, com carisma e muito inteligência, ""tem quem 'guente'? tem quem 'guente'?! Pelo amor de Deus"".",11,2021-07-30T11:33:36Z,2021-07-30T11:33:36Z,7 Editores Incríveis para Programar  Online que Você Deveria Experimentar,"Um casal desses na área de tecnologia, com carisma e muito inteligência, ""tem quem 'guente'? tem quem 'guente'?! Pelo amor de Deus"".",um casal desses na área de tecnologia com carisma e muito inteligência tem quem guente tem quem guente pelo amor de deus,0,0,0,pt,True,casal tecnologia carisma inteligência amor deus,Deus|PER
40QyA5f3Qo0,UgxMiTN54pFXiLo74n54AaABAg,,principal,video maravilhoso,2,2021-07-13T13:22:47Z,2021-07-13T13:22:47Z,7 Editores Incríveis para Programar  Online que Você Deveria Experimentar,video maravilhoso,video maravilhoso,0,0,0,indefinido,True,maravilhoso,
40QyA5f3Qo0,UgwfdmrB78hfYu2s5Ch4AaABAg,,principal,"Até hoje não encontrei um ambiente melhor do que Code Server + VPS

Já usei um tempo cloud9 mas não achava legal.

Uso muito o codepen e o jsfiddle.

Dêem uma olhada no Code Server.",1,2021-06-22T05:21:55Z,2021-06-22T05:21:55Z,7 Editores Incríveis para Programar  Online que Você Deveria Experimentar,Até hoje não encontrei um ambiente melhor do que Code Server + VPS Já usei um tempo cloud9 mas não achava legal. Uso muito o codepen e o jsfiddle. Dêem uma olhada no Code Server.,até hoje não encontrei um ambiente melhor do que code server vps já usei um tempo cloud mas não achava legal uso muito o codepen e o jsfiddle dêem uma olhada no code server,0,0,0,pt,True,encontrar ambiente bom coder server vps usei cloud achar legal uso codepen jsfiddle dêem olhada coder server,Code Server|MISC;cloud9|MISC;Code Server|MISC
40QyA5f3Qo0,UgwGN4gEv4oFmJkZx1J4AaABAg,,principal,Deixando um Mega Like,2,2021-06-21T00:54:22Z,2021-06-21T00:54:22Z,7 Editores Incríveis para Programar  Online que Você Deveria Experimentar,Deixando um Mega Like,deixando um mega like,0,0,0,pt,True,deixar mega,Mega Like|MISC
40QyA5f3Qo0,UgyIrOW82PRwodhHqW54AaABAg,,principal,"Incrível ver todas as possibilidades para codar pelo navegador. Adorei, eu uso o VScode no meu notebook 💻 e gosto muito dele. Espero que algum dia vcs possam fazer um vídeo falando um pouco sobre as IDEs da Jetbrains tanto das versões de comunidades quanto das versões premium.",8,2021-06-20T17:07:46Z,2021-06-20T17:07:46Z,7 Editores Incríveis para Programar  Online que Você Deveria Experimentar,"Incrível ver todas as possibilidades para codar pelo navegador. Adorei, eu uso o VScode no meu notebook 💻 e gosto muito dele. Espero que algum dia vcs possam fazer um vídeo falando um pouco sobre as IDEs da Jetbrains tanto das versões de comunidades quanto das versões premium.",incrível ver todas as possibilidades para codar pelo navegador adorei eu uso o vscode no meu notebook e gosto muito dele espero que algum dia vcs possam fazer um vídeo falando um pouco sobre as ides da jetbrains tanto das versões de comunidades quanto das versões premium,1,0,0,pt,True,incrível possibilidade codar navegador adorar usar vscoder notebook gostar esperar dia poder falar ide jetbraim versão comunidade versão premium,Adorei|PER;VScode|MISC;IDEs|LOC;Jetbrains|LOC
40QyA5f3Qo0,UgxRXvxm_mMmJKyr_cN4AaABAg,,principal,Faltou o code9 da AWS,2,2021-06-20T11:52:57Z,2021-06-20T11:52:57Z,7 Editores Incríveis para Programar  Online que Você Deveria Experimentar,Faltou o code9 da AWS,faltou o code da aws,0,0,0,pt,True,faltar code aws,AWS|MISC
40QyA5f3Qo0,UgyH3rGgoQx8-M81gax4AaABAg,,principal,"Meu Deus, vocês são o melhor casal do YouTube quando o assunto é programação. Estão sempre surpreendendo a gente. Mas eu acho que o áudio dos vídeos do canal estão um pouco baixos ultimamente(não que não dê para escutar). Porém, se ficasse um pouco mais alto, creio eu que ficaria perfeito. Agradeço pela atenção, adoro vocêsss!!!😍",4,2021-06-16T16:06:01Z,2021-06-16T16:06:01Z,7 Editores Incríveis para Programar  Online que Você Deveria Experimentar,"Meu Deus, vocês são o melhor casal do YouTube quando o assunto é programação. Estão sempre surpreendendo a gente. Mas eu acho que o áudio dos vídeos do canal estão um pouco baixos ultimamente(não que não dê para escutar). Porém, se ficasse um pouco mais alto, creio eu que ficaria perfeito. Agradeço pela atenção, adoro vocêss!!!😍",meu deus vocês são o melhor casal do youtube quando o assunto é programação estão sempre surpreendendo a gente mas eu acho que o áudio dos vídeos do canal estão um pouco baixos ultimamente não que não dê para escutar porém se ficasse um pouco mais alto creio eu que ficaria perfeito agradeço pela atenção adoro vocêss,1,0,0,pt,True,deus bom casal youtube assunto programação surpreender achar áudio baixo escutar ficar alto crer ficar perfeito agradeço atenção adoro vocêss,Meu Deus|MISC;YouTube|MISC
40QyA5f3Qo0,UgwBj-aB0oN3OpTb-6t4AaABAg,,principal,"Pessoal, nós que temos pcs fracos, deveríamos nos unir pra  criar um projeto juntos, oq vcs acham? Vamos criar um grp",3,2021-06-16T15:45:40Z,2021-06-16T15:45:40Z,7 Editores Incríveis para Programar  Online que Você Deveria Experimentar,"Pessoal, nós que temos pcs fracos, deveríamos nos unir pra criar um projeto juntos, oq vcs acham? Vamos criar um grp",pessoal nós que temos pcs fracos deveríamos nos unir pra criar um projeto juntos oq vcs acham vamos criar um grp,0,0,0,pt,True,pessoal pcs fraco deveríamos unir criar projeto junto achar criar grp,Pessoal|LOC
40QyA5f3Qo0,UgzRVUt2eL7Fs7dNt7h4AaABAg,,principal,🌚👌🏿,0,2021-06-15T00:46:42Z,2021-06-15T00:46:42Z,7 Editores Incríveis para Programar  Online que Você Deveria Experimentar,🌚👌🏿,,2,0,0,indefinido,True,,
40QyA5f3Qo0,UgzEjLi_o0viYdihaW14AaABAg,,principal,Curti demais as dicas... 🤩😍,2,2021-06-14T17:02:48Z,2021-06-14T17:03:06Z,7 Editores Incríveis para Programar  Online que Você Deveria Experimentar,Curti demais as dicas... 🤩😍,curti demais as dicas,2,0,0,pt,True,curtir dica,
40QyA5f3Qo0,Ugzyr1XbivO_5Go4LDF4AaABAg,,principal,"Já usei o codepen... Fiquei interessado em alguns desses aí, mas ainda estou estudando e sem confiança pra me aventurar. 😁",3,2021-06-14T12:26:42Z,2021-06-14T12:26:42Z,7 Editores Incríveis para Programar  Online que Você Deveria Experimentar,"Já usei o codepen... Fiquei interessado em alguns desses aí, mas ainda estou estudando e sem confiança pra me aventurar. 😁",já usei o codepen fiquei interessado em alguns desses aí mas ainda estou estudando e sem confiança pra me aventurar,1,0,0,pt,True,usar codepen fiquei interessar estudar confiança aventurar,
40QyA5f3Qo0,Ugzyr1XbivO_5Go4LDF4AaABAg.9OZwjJ9Blcy9bcVy9ArcES,Ugzyr1XbivO_5Go4LDF4AaABAg,resposta,"Eu também estou pensando em adquirir um curso de desenvolvimento web para  iniciantes , depois eu irei adquirindo cursos mais avançados na área de desenvolvimento web ! Só por caisa desse vídeo agirá estou com vontade de programar em HTML PHP JavaScript e etc ! Eu havia desistido a alguns anos atrás em desenvolver sites em web por ser muito difícil , mas agora , pretendo realizar este antigo sonho de programar em web e colocar um site no ar !*",1,2022-05-29T21:00:32Z,2022-05-29T21:00:32Z,7 Editores Incríveis para Programar  Online que Você Deveria Experimentar,"Eu também estou pensando em adquirir um curso de desenvolvimento web para iniciantes , depois eu irei adquirindo cursos mais avançados na área de desenvolvimento web ! Só por caisa desse vídeo agirá estou com vontade de programar em HTML PHP JavaScript e etc ! Eu havia desistido a alguns anos atrás em desenvolver sites em web por ser muito difícil , mas agora , pretendo realizar este antigo sonho de programar em web e colocar um site no ar !*",eu também estou pensando em adquirir um curso de desenvolvimento web para iniciantes depois eu irei adquirindo cursos mais avançados na área de desenvolvimento web só por caisa desse vídeo agirá estou com vontade de programar em html php javascript e etc eu havia desistido a alguns anos atrás em desenvolver sites em web por ser muito difícil mas agora pretendo realizar este antigo sonho de programar em web e colocar um site no ar,0,0,0,pt,True,pensar adquirir curso desenvolvimento web iniciante adquirir curso avançar desenvolvimento web caisa agir vontade programar html php javascript desister ano desenvolver site web difícil pretender realizar antigo sonho programar web colocar site,HTML|MISC;JavaScript|MISC
40QyA5f3Qo0,Ugzyr1XbivO_5Go4LDF4AaABAg.9OZwjJ9Blcy9bcW0nPvRPZ,Ugzyr1XbivO_5Go4LDF4AaABAg,resposta,*Porque você está com tanto medo assim ?*,1,2022-05-29T21:01:02Z,2022-05-29T21:01:02Z,7 Editores Incríveis para Programar  Online que Você Deveria Experimentar,*Porque você está com tanto medo assim ?*,porque você está com tanto medo assim,0,0,0,pt,True,medo,
40QyA5f3Qo0,Ugzyr1XbivO_5Go4LDF4AaABAg.9OZwjJ9Blcy9bcWGjEeutb,Ugzyr1XbivO_5Go4LDF4AaABAg,resposta,"*Nada de medo cara ! Coloca uma coisa rm sua cabeça : os outros conseguem programar , eu também consigo programar !*",1,2022-05-29T21:03:13Z,2022-05-29T21:03:13Z,7 Editores Incríveis para Programar  Online que Você Deveria Experimentar,"*Nada de medo cara ! Coloca uma coisa rm sua cabeça : os outros conseguem programar , eu também consigo programar !*",nada de medo cara coloca uma coisa rm sua cabeça os outros conseguem programar eu também consigo programar,0,0,0,pt,True,medo colocar cabeça conseguir programar consigo programar,
40QyA5f3Qo0,Ugx-lvyOIxMnPErCjKx4AaABAg,,principal,Top Top,0,2021-06-14T06:26:24Z,2021-06-14T06:26:24Z,7 Editores Incríveis para Programar  Online que Você Deveria Experimentar,Top Top,top top,0,0,0,indefinido,True,top top,Top Top|MISC
40QyA5f3Qo0,UgxX0LOXtAbrPAzK7G94AaABAg,,principal,A galera de Data ai se derrama de amores pelo Colab. Com toda razão! <3,2,2021-06-14T03:20:54Z,2021-06-14T03:20:54Z,7 Editores Incríveis para Programar  Online que Você Deveria Experimentar,A galera de Data ai se derrama de amores pelo Colab. Com toda razão! <3,a galera de data ai se derrama de amores pelo colab com toda razão,0,0,0,pt,True,galera data derrama amor colab razão,Colab|MISC
40QyA5f3Qo0,Ugz80j11hJgefFA2sTt4AaABAg,,principal,Conheço um cara que diz ser mega programador PHP que ainda usa Dreamweaver e PHP 5.4 😅🤙,3,2021-06-14T02:27:39Z,2021-06-14T02:27:39Z,7 Editores Incríveis para Programar  Online que Você Deveria Experimentar,Conheço um cara que diz ser mega programador PHP que ainda usa Dreamweaver e PHP 5.4 😅🤙,conheço um cara que diz ser mega programador php que ainda usa dreamweaver e php,2,0,0,pt,True,conhecer mega programador phpr dreamweaver,PHP|MISC;Dreamweaver|MISC;PHP|MISC
40QyA5f3Qo0,Ugz80j11hJgefFA2sTt4AaABAg.9OYsAgXj6FZ9PevzwVoksl,Ugz80j11hJgefFA2sTt4AaABAg,resposta,Eu uso VIM e PHP 8 =D,0,2021-07-11T16:47:04Z,2021-07-11T16:47:04Z,7 Editores Incríveis para Programar  Online que Você Deveria Experimentar,Eu uso VIM e PHP 8 =D,eu uso vim e php d,0,0,0,pt,True,uso vir php,PHP|MISC
40QyA5f3Qo0,Ugx5SwyYZKXX69pyK6l4AaABAg,,principal,Show as dicas! :),1,2021-06-13T23:31:53Z,2021-06-13T23:31:53Z,7 Editores Incríveis para Programar  Online que Você Deveria Experimentar,Show as dicas! :),show as dicas,0,0,0,en,True,show dica,
40QyA5f3Qo0,UgzzYgDzhF8YCYqce6x4AaABAg,,principal,"Vídeo top, como sempre o Código fonte me mostrando e explicando tudo sobre tecnologia.",1,2021-06-13T20:50:47Z,2021-06-13T20:51:00Z,7 Editores Incríveis para Programar  Online que Você Deveria Experimentar,"Vídeo top, como sempre o Código fonte me mostrando e explicando tudo sobre tecnologia.",vídeo top como sempre o código fonte me mostrando e explicando tudo sobre tecnologia,0,0,0,pt,True,top código fonte mostrar explicar tecnologia,Vídeo top|MISC;Código|MISC
40QyA5f3Qo0,UgzoZAeJ-WkEyfH-lFN4AaABAg,,principal,Demais! Obrigado por compartilhar!! Vou certamente testar!,2,2021-06-13T16:23:50Z,2021-06-13T16:23:50Z,7 Editores Incríveis para Programar  Online que Você Deveria Experimentar,Demais! Obrigado por compartilhar!! Vou certamente testar!,demais obrigado por compartilhar vou certamente testar,0,0,0,pt,True,compartilhar testar,
40QyA5f3Qo0,UgydOUpj13XKlgSycWN4AaABAg,,principal,Serio que vocês nunca ouviram falar do repl.it? Todo  mundo da minha faculdade usa pelo menos desde 2017,2,2021-06-13T11:52:20Z,2021-06-13T11:52:29Z,7 Editores Incríveis para Programar  Online que Você Deveria Experimentar,Serio que vocês nunca ouviram falar do repl.it? Todo mundo da minha faculdade usa pelo menos desde 2017,serio que vocês nunca ouviram falar do repl it todo mundo da minha faculdade usa pelo menos desde,0,0,0,pt,True,serio ouvirar falar repl mundo faculdade,repl.it|ORG
40QyA5f3Qo0,UgydOUpj13XKlgSycWN4AaABAg.9OXJ-h9bnfh9OhZLGiUlDN,UgydOUpj13XKlgSycWN4AaABAg,resposta,me ensina conectar php no banco de dados com ele,0,2021-06-17T20:46:44Z,2021-06-17T20:46:44Z,7 Editores Incríveis para Programar  Online que Você Deveria Experimentar,me ensina conectar php no banco de dados com ele,me ensina conectar php no banco de dados com ele,0,0,0,pt,True,ensinar conectar php banco dado,
40QyA5f3Qo0,UgzwxqALKUeq7QwkYdl4AaABAg,,principal,Oii meu nome e ricardo sou novo no mundo da programação gostaria de saber qual desses e melhor para iniciantes no java e aproveitando a atenção  de vcs  qual posso utilizar para substituir o Android studio,2,2021-06-13T02:15:55Z,2021-06-13T02:15:55Z,7 Editores Incríveis para Programar  Online que Você Deveria Experimentar,Oii meu nome e ricardo sou novo no mundo da programação gostaria de saber qual desses e melhor para iniciantes no java e aproveitando a atenção de vcs qual posso utilizar para substituir o Android studio,oii meu nome e ricardo sou novo no mundo da programação gostaria de saber qual desses e melhor para iniciantes no java e aproveitando a atenção de vcs qual posso utilizar para substituir o android studio,0,0,0,pt,True,oii nome ricardo mundo programação gostar iniciante java aproveitar atenção utilizar substituir android studio,ricardo|PER;java|MISC;vcs|PER;Android|MISC
40QyA5f3Qo0,UgwnyxHarMrKa3fSrCx4AaABAg,,principal,Melhor que o threbedit não insiste,2,2021-06-12T22:31:41Z,2021-06-12T22:31:41Z,7 Editores Incríveis para Programar  Online que Você Deveria Experimentar,Melhor que o threbedit não insiste,melhor que o threbedit não insiste,0,0,0,pt,True,threbedit insistir,
40QyA5f3Qo0,UgxQyjlSeGrsHOlkxqZ4AaABAg,,principal,Faz um vídeo sobre editores em dispositivos móbile,8,2021-06-12T21:17:02Z,2021-06-12T21:17:02Z,7 Editores Incríveis para Programar  Online que Você Deveria Experimentar,Faz um vídeo sobre editores em dispositivos móbile,faz um vídeo sobre editores em dispositivos móbile,0,0,0,pt,True,editor dispositivo móbile,
40QyA5f3Qo0,UgxQyjlSeGrsHOlkxqZ4AaABAg.9OVjpo5fHno9Xxc6RMX4ce,UgxQyjlSeGrsHOlkxqZ4AaABAg,resposta,up,0,2022-02-02T19:10:03Z,2022-02-02T19:10:03Z,7 Editores Incríveis para Programar  Online que Você Deveria Experimentar,up,up,0,0,0,indefinido,True,,
40QyA5f3Qo0,Ugx5AcLqZ9FXeS1tyEB4AaABAg,,principal,Legal! As vezes uso o Cloud9 da AWS. Quebra um galhão.  👍,4,2021-06-12T20:19:23Z,2021-06-12T20:19:23Z,7 Editores Incríveis para Programar  Online que Você Deveria Experimentar,Legal! As vezes uso o Cloud9 da AWS. Quebra um galhão. 👍,legal as vezes uso o cloud da aws quebra um galhão,1,0,0,pt,True,legal uso cloud aws quebrar galhão,Legal|LOC;Cloud9|MISC
40QyA5f3Qo0,UgwjIa5YxDT0IL-CwEx4AaABAg,,principal,O fato de deixar os ambientes das grandes de fora é ...👏👏👏👏👏 Afinal elas já tem muita divulgação.,2,2021-06-12T18:22:23Z,2021-06-12T18:22:23Z,7 Editores Incríveis para Programar  Online que Você Deveria Experimentar,O fato de deixar os ambientes das grandes de fora é ...👏👏👏👏👏 Afinal elas já tem muita divulgação.,o fato de deixar os ambientes das grandes de fora é afinal elas já tem muita divulgação,5,0,0,pt,True,fato deixar ambiente divulgação,
40QyA5f3Qo0,UgwUrfzgpZBNQjGT3Bx4AaABAg,,principal,O https://theia-ide.org/ merecia pelo menos uma citação honrosa por ser Opensource. E outros open source.,2,2021-06-12T18:20:10Z,2021-06-12T18:20:10Z,7 Editores Incríveis para Programar  Online que Você Deveria Experimentar,O merecia pelo menos uma citação honrosa por ser Opensource. E outros open source.,o merecia pelo menos uma citação honrosa por ser opensource e outros open source,0,0,0,pt,True,merecia citação honroso opensource open sourcer,Opensource|LOC
40QyA5f3Qo0,Ugyn8pLiy-RrjcmBBwZ4AaABAg,,principal,Fantástico! Já usei umas algumas dessa ferramenta e vejo que tem umas mais parrudas que não tinha usado kkkkk,1,2021-06-12T16:20:08Z,2021-06-12T16:20:08Z,7 Editores Incríveis para Programar  Online que Você Deveria Experimentar,Fantástico! Já usei umas algumas dessa ferramenta e vejo que tem umas mais parrudas que não tinha usado kk,fantástico já usei umas algumas dessa ferramenta e vejo que tem umas mais parrudas que não tinha usado,0,1,0,pt,True,fantástico usar ferramenta vejo parrudo usar,
40QyA5f3Qo0,UgzuN_ge90LAXxs0_w54AaABAg,,principal,Eu gosto de usar o repl.it,0,2021-06-12T14:06:24Z,2021-06-12T14:06:24Z,7 Editores Incríveis para Programar  Online que Você Deveria Experimentar,Eu gosto de usar o repl.it,eu gosto de usar o repl it,0,0,0,indefinido,True,gostar repl,repl.it|ORG
40QyA5f3Qo0,UgwGkYY5TWDRQ5xwetZ4AaABAg,,principal,Tem uma Ide muito parecida com o VsCode para android o nome dele é  Scpk Editor,2,2021-06-12T12:52:59Z,2021-06-12T12:53:12Z,7 Editores Incríveis para Programar  Online que Você Deveria Experimentar,Tem uma Ide muito parecida com o VsCode para android o nome dele é Scpk Editor,tem uma ide muito parecida com o vscode para android o nome dele é scpk editor,0,0,0,pt,True,ide parecer vscode android nome scpk editor,Ide|MISC;VsCode|MISC;Scpk Editor|MISC
40QyA5f3Qo0,UgylGUyXDcvanISB_P14AaABAg,,principal,Show se bola!,1,2021-06-12T12:13:54Z,2021-06-12T12:13:54Z,7 Editores Incríveis para Programar  Online que Você Deveria Experimentar,Show se bola!,show se bola,0,0,0,indefinido,True,show bolar,
40QyA5f3Qo0,Ugzs2kPC6XWL6Xkq3lt4AaABAg,,principal,"Caraca cada dia que passa me surpreendo com o canal 
E com a evolução da tecnologia 
Fantástico",6,2021-06-12T06:14:27Z,2021-06-12T06:14:27Z,7 Editores Incríveis para Programar  Online que Você Deveria Experimentar,Caraca cada dia que passa me surpreendo com o canal E com a evolução da tecnologia Fantástico,caraca cada dia que passa me surpreendo com o canal e com a evolução da tecnologia fantástico,0,0,0,pt,True,caracar dia passar surpreer evolução tecnologia fantástico,Caraca|LOC;Fantástico|MISC
40QyA5f3Qo0,Ugzs2kPC6XWL6Xkq3lt4AaABAg.9OU7Y3MyXJO9OU_EScUNCY,Ugzs2kPC6XWL6Xkq3lt4AaABAg,resposta,Muito obrigado pelo seu carinho conosco e por nos acompanhar. 🤓,0,2021-06-12T10:25:10Z,2021-06-12T10:25:10Z,7 Editores Incríveis para Programar  Online que Você Deveria Experimentar,Muito obrigado pelo seu carinho conosco e por nos acompanhar. 🤓,muito obrigado pelo seu carinho conosco e por nos acompanhar,1,0,0,pt,True,carinho conosco acompanhar,
40QyA5f3Qo0,UgwfR5ACif_HTePJdIR4AaABAg,,principal,Esqueceram do c9.io,1,2021-06-12T02:35:00Z,2021-06-12T02:35:00Z,7 Editores Incríveis para Programar  Online que Você Deveria Experimentar,Esqueceram do c9.io,esqueceram do c io,0,0,0,pt,True,esquecer,c9.io|MISC
40QyA5f3Qo0,UgzFVjJo1y5Q6e9oW7h4AaABAg,,principal,"Olá! comecei a pesquisar sobre programação nos últimos dias e tenho muito interesse em aprender. Porém não tenho nenhuma noção por onde começar, quais as dicas vocês poderiam me apresentar para que eu possa ter uma direção para iniciar os estudos?",3,2021-06-12T02:22:48Z,2021-06-12T02:22:48Z,7 Editores Incríveis para Programar  Online que Você Deveria Experimentar,"Olá! comecei a pesquisar sobre programação nos últimos dias e tenho muito interesse em aprender. Porém não tenho nenhuma noção por onde começar, quais as dicas vocês poderiam me apresentar para que eu possa ter uma direção para iniciar os estudos?",olá comecei a pesquisar sobre programação nos últimos dias e tenho muito interesse em aprender porém não tenho nenhuma noção por onde começar quais as dicas vocês poderiam me apresentar para que eu possa ter uma direção para iniciar os estudos,0,0,0,pt,True,começar pesquisar programação último dia interesse aprender noção começar dica poder apresentar poder direção estudo,Olá!|MISC
40QyA5f3Qo0,UgzFVjJo1y5Q6e9oW7h4AaABAg.9OTi1TFpsz19OY7Iuy74PZ,UgzFVjJo1y5Q6e9oW7h4AaABAg,resposta,"Eu recomendo a você começar a aprender python pelo canal ""Curso em vídeo"", o professor é muito bom",1,2021-06-13T19:29:20Z,2021-06-13T19:29:20Z,7 Editores Incríveis para Programar  Online que Você Deveria Experimentar,"Eu recomendo a você começar a aprender python pelo canal ""Curso em vídeo"", o professor é muito bom",eu recomendo a você começar a aprender python pelo canal curso em vídeo o professor é muito bom,0,0,0,pt,True,recomendar começar aprender python curso professor,
40QyA5f3Qo0,UgzFVjJo1y5Q6e9oW7h4AaABAg.9OTi1TFpsz19OpzGI7xUpx,UgzFVjJo1y5Q6e9oW7h4AaABAg,resposta,"Josimar, eu recomendo que você procure aprender HTML+CSS. É um início muito bacana, pq vc vai se acostumando com a quantidade de linhas de código. E vc não vai gastar muito raciocinio pra desenvolver. Quando pensar em partir para uma linguagem de programação, procure aprender primeiro sobre lógica de programação e também sobre algoritmos.
Depois que souber lógica, ai sim vc pode escolher qualquer linguagem e se aprofundar nela.
Os melhores canais do youtube pra vc maratonar e aprender é o CFB Cursos e o Curso em Video.",1,2021-06-21T03:15:54Z,2021-06-21T03:15:54Z,7 Editores Incríveis para Programar  Online que Você Deveria Experimentar,"Josimar, eu recomendo que você procure aprender HTML+CSS. É um início muito bacana, pq vc vai se acostumando com a quantidade de linhas de código. E vc não vai gastar muito raciocinio pra desenvolver. Quando pensar em partir para uma linguagem de programação, procure aprender primeiro sobre lógica de programação e também sobre algoritmos. Depois que souber lógica, ai sim vc pode escolher qualquer linguagem e se aprofundar nela. Os melhores canais do youtube pra vc maratonar e aprender é o CFB Cursos e o Curso em Video.",josimar eu recomendo que você procure aprender html css é um início muito bacana pq vc vai se acostumando com a quantidade de linhas de código e vc não vai gastar muito raciocinio pra desenvolver quando pensar em partir para uma linguagem de programação procure aprender primeiro sobre lógica de programação e também sobre algoritmos depois que souber lógica ai sim vc pode escolher qualquer linguagem e se aprofundar nela os melhores canais do youtube pra vc maratonar e aprender é o cfb cursos e o curso em video,0,0,0,pt,True,josimar recomendar procurar aprender html início bacano acostumar quantidade linha código gastar raciocinio desenvolver pensar linguagem programação procurar aprender lógica programação algoritmos saber lógico escolher linguagem aprofundar bom youtube maratonar aprender cfb curso curso,Josimar|PER;CFB Cursos|MISC;Curso em Video|MISC
40QyA5f3Qo0,UgzfGRva94VglfANaod4AaABAg,,principal,Eu usei muito o cloud9 agora a Amazon incorporou na aws e nunca mais vi como ficou.,1,2021-06-12T00:20:07Z,2021-06-12T00:20:07Z,7 Editores Incríveis para Programar  Online que Você Deveria Experimentar,Eu usei muito o cloud9 agora a Amazon incorporou na aws e nunca mais vi como ficou.,eu usei muito o cloud agora a amazon incorporou na aws e nunca mais vi como ficou,0,0,0,pt,True,usar cloud amazon incorporar aws ver ficar,cloud9|MISC;Amazon|ORG
40QyA5f3Qo0,Ugw9_XZKU6a3hUW9J3Z4AaABAg,,principal,muito bom,0,2021-06-11T23:19:32Z,2021-06-11T23:19:32Z,7 Editores Incríveis para Programar  Online que Você Deveria Experimentar,muito bom,muito bom,0,0,0,indefinido,True,,
40QyA5f3Qo0,UgxaY3ExW2kSq6PqEgd4AaABAg,,principal,Eu sempre pensando que precisava de um pc para programar kkkkk,0,2021-06-11T23:12:22Z,2021-06-11T23:12:22Z,7 Editores Incríveis para Programar  Online que Você Deveria Experimentar,Eu sempre pensando que precisava de um pc para programar kk,eu sempre pensando que precisava de um pc para programar,0,1,0,pt,True,pensar precisar programar,
40QyA5f3Qo0,UgzJd9tGPbwJFmX_SuJ4AaABAg,,principal,Isto é tudo novo pra mim,1,2021-06-11T23:11:49Z,2021-06-11T23:11:49Z,7 Editores Incríveis para Programar  Online que Você Deveria Experimentar,Isto é tudo novo pra mim,isto é tudo novo pra mim,0,0,0,pt,True,,
40QyA5f3Qo0,UgymI8qp1wVo6xNCvvh4AaABAg,,principal,topzera! Obrigado,1,2021-06-11T21:52:39Z,2021-06-11T21:52:39Z,7 Editores Incríveis para Programar  Online que Você Deveria Experimentar,topzera! Obrigado,topzera obrigado,0,0,0,indefinido,True,topzera,
40QyA5f3Qo0,UgynPiY_wkJyWRCghnR4AaABAg,,principal,Nesses tempos de crise para hardware e dólar alto esse conteúdo é extremamente importante obrigado!,4,2021-06-11T20:42:25Z,2021-06-11T20:42:25Z,7 Editores Incríveis para Programar  Online que Você Deveria Experimentar,Nesses tempos de crise para hardware e dólar alto esse conteúdo é extremamente importante obrigado!,nesses tempos de crise para hardware e dólar alto esse conteúdo é extremamente importante obrigado,0,0,0,pt,True,tempo crise hardware dólar alto conteúdo importante,
40QyA5f3Qo0,UgyqyO8Jow-JVrsUZuR4AaABAg,,principal,nossssa!!!,0,2021-06-11T17:42:06Z,2021-06-11T17:42:06Z,7 Editores Incríveis para Programar  Online que Você Deveria Experimentar,nossa!!!,nossa,0,0,0,indefinido,True,,nossa!!|MISC
40QyA5f3Qo0,UgzmR5teuH-PW2n41aJ4AaABAg,,principal,"Muito legal
Senti falta do editor Theia, ainda mais que ele é gratuito e o GitPod foi feito tendo como base o projeto do Theia",15,2021-06-11T17:31:45Z,2021-06-11T17:33:34Z,7 Editores Incríveis para Programar  Online que Você Deveria Experimentar,"Muito legal Senti falta do editor Theia, ainda mais que ele é gratuito e o GitPod foi feito tendo como base o projeto do Theia",muito legal senti falta do editor theia ainda mais que ele é gratuito e o gitpod foi feito tendo como base o projeto do theia,0,0,0,pt,True,legal sentir editor thear gratuito gitpod fazer ter base projeto theia,Theia|PER;GitPod|MISC;Theia|LOC
40QyA5f3Qo0,Ugx52f4adFF5OuG1W5t4AaABAg,,principal,Da pra usar no celular?,0,2021-06-11T17:05:00Z,2021-06-11T17:05:00Z,7 Editores Incríveis para Programar  Online que Você Deveria Experimentar,Da pra usar no celular?,da pra usar no celular,0,0,0,indefinido,True,celular,
40QyA5f3Qo0,UgwIXkm6PmQd88c4KIh4AaABAg,,principal,"Eu programo no gitpod faz 1 ano, como eu tô sem meu PC, sempre q eu entro em algum PC emprestado eu consigo continuar o projeto. Realmente quebra um galho",8,2021-06-11T16:35:08Z,2021-06-11T16:35:08Z,7 Editores Incríveis para Programar  Online que Você Deveria Experimentar,"Eu programo no gitpod faz 1 ano, como eu tô sem meu PC, sempre q eu entro em algum PC emprestado eu consigo continuar o projeto. Realmente quebra um galho",eu programo no gitpod faz ano como eu tô sem meu pc sempre q eu entro em algum pc emprestado eu consigo continuar o projeto realmente quebra um galho,0,0,0,pt,True,gitpod ano entro emprestar consiger continuar projeto quebrar galho,
40QyA5f3Qo0,Ugy-BQDdScjGTnZ_o254AaABAg,,principal,"Conheci o canal tem pouco tempo e já estou amando, estou maratonando alguns vídeos, queria ter aulas de programação com vcs, vcs explicam tão bem, desejo muito sucesso pra vcs 🤩❤️",8,2021-06-11T16:32:41Z,2021-06-11T16:32:41Z,7 Editores Incríveis para Programar  Online que Você Deveria Experimentar,"Conheci o canal tem pouco tempo e já estou amando, estou maratonando alguns vídeos, queria ter aulas de programação com vcs, vcs explicam tão bem, desejo muito sucesso pra vcs 🤩❤️",conheci o canal tem pouco tempo e já estou amando estou maratonando alguns vídeos queria ter aulas de programação com vcs vcs explicam tão bem desejo muito sucesso pra vcs,2,0,0,pt,True,conheci amar maratonar querer aula programação explicar desejo sucesso,Conheci|LOC;vcs|PER;vcs|PER
40QyA5f3Qo0,UgwGOlj0WYAQ_1p_iAB4AaABAg,,principal,Eu não conhecia nenhum..  kkk,0,2021-06-11T16:29:11Z,2021-06-11T16:29:11Z,7 Editores Incríveis para Programar  Online que Você Deveria Experimentar,Eu não conhecia nenhum.. kk,eu não conhecia nenhum,0,1,0,pt,True,conhecer,
40QyA5f3Qo0,UgxW2trKLwcZlJLDUVx4AaABAg,,principal,Curti muito bom pode. Falar mais de Extencão para estes caras ?,1,2021-06-11T16:24:15Z,2021-06-11T16:24:15Z,7 Editores Incríveis para Programar  Online que Você Deveria Experimentar,Curti muito bom pode. Falar mais de Extencão para estes caras ?,curti muito bom pode falar mais de extencão para estes caras,0,0,0,pt,True,curtir falar extencão,Extencão|LOC
40QyA5f3Qo0,UgyTuKR7SmVuqxi1uKl4AaABAg,,principal,Esqueceram do Google colab,1,2021-06-11T15:43:00Z,2021-06-11T15:43:00Z,7 Editores Incríveis para Programar  Online que Você Deveria Experimentar,Esqueceram do Google colab,esqueceram do google colab,0,0,0,pt,True,esquecer google colab,Google|ORG
40QyA5f3Qo0,UgywErYjnTqhHYsuQFp4AaABAg,,principal,Faltou só comentar que algumas opções são pagas.,3,2021-06-11T15:32:44Z,2021-06-11T15:32:44Z,7 Editores Incríveis para Programar  Online que Você Deveria Experimentar,Faltou só comentar que algumas opções são pagas.,faltou só comentar que algumas opções são pagas,0,0,0,pt,True,faltar comentar opção paga,
40QyA5f3Qo0,UgywErYjnTqhHYsuQFp4AaABAg.9OSYdH7dGNk9qOJDcPtcEL,UgywErYjnTqhHYsuQFp4AaABAg,resposta,"Pois é né, difícil de acreditar que alguém faz alguma coisa por dinheiro kkk",0,2023-05-31T19:11:30Z,2023-05-31T19:11:30Z,7 Editores Incríveis para Programar  Online que Você Deveria Experimentar,"Pois é né, difícil de acreditar que alguém faz alguma coisa por dinheiro kk",pois é né difícil de acreditar que alguém faz alguma coisa por dinheiro,0,1,0,pt,True,difícil acreditar dinheiro,
40QyA5f3Qo0,UgzlaOBMVMNGqpq5RpR4AaABAg,,principal,Seria legal uma review sobre o intellij ultimate.,1,2021-06-11T15:32:14Z,2021-06-11T15:32:14Z,7 Editores Incríveis para Programar  Online que Você Deveria Experimentar,Seria legal uma review sobre o intellij ultimate.,seria legal uma review sobre o intellij ultimate,0,0,0,indefinido,True,legal review intellij ultimate,
40QyA5f3Qo0,UgyVFBWya6aNGfDEJCp4AaABAg,,principal,muito bacana!,0,2021-06-11T15:28:41Z,2021-06-11T15:28:41Z,7 Editores Incríveis para Programar  Online que Você Deveria Experimentar,muito bacana!,muito bacana,0,0,0,indefinido,True,bacano,
40QyA5f3Qo0,UgzV5IuKJkj3IyjFtXt4AaABAg,,principal,E eu achando que iam falar do colab kkk,3,2021-06-11T15:26:33Z,2021-06-11T15:26:33Z,7 Editores Incríveis para Programar  Online que Você Deveria Experimentar,E eu achando que iam falar do colab kk,e eu achando que iam falar do colab,0,1,0,pt,True,achar falar colab,colab kk|MISC
40QyA5f3Qo0,UgxdF9nD-dOHDEHAlPR4AaABAg,,principal,Excelente vídeo! Já utilizo alguns desta lista.,1,2021-06-11T15:24:47Z,2021-06-11T15:24:47Z,7 Editores Incríveis para Programar  Online que Você Deveria Experimentar,Excelente vídeo! Já utilizo alguns desta lista.,excelente vídeo já utilizo alguns desta lista,0,0,0,pt,True,excelente utilizar lista,
40QyA5f3Qo0,UgzNDItdT9vaARMMGmF4AaABAg,,principal,Faltou o repl.it,1,2021-06-11T15:22:35Z,2021-06-11T15:22:35Z,7 Editores Incríveis para Programar  Online que Você Deveria Experimentar,Faltou o repl.it,faltou o repl it,0,0,0,pt,True,faltar repl,repl.it|ORG
40QyA5f3Qo0,Ugz6tkH1tBVL8MOBrsF4AaABAg,,principal,"Bacana CDF´s! 
Eu não costumo usar editores online, mas tem um que eu usei um pouco só pra ver como funcionava. é o ide.goorm.io (Goorm IDE). 
É um serviço coreano, e precisa de aprovação para começar a usar.
Não sei dizer se é melhor que esses que vocês apresentaram, mas fica a dica caso queiram dar uma olhada.",5,2021-06-11T15:13:54Z,2021-06-11T15:13:54Z,7 Editores Incríveis para Programar  Online que Você Deveria Experimentar,"Bacana CDF´s! Eu não costumo usar editores online, mas tem um que eu usei um pouco só pra ver como funcionava. é o ide.goorm.io (Goorm IDE). É um serviço coreano, e precisa de aprovação para começar a usar. Não sei dizer se é melhor que esses que vocês apresentaram, mas fica a dica caso queiram dar uma olhada.",bacana cdf s eu não costumo usar editores online mas tem um que eu usei um pouco só pra ver como funcionava é o ide goorm io goorm ide é um serviço coreano e precisa de aprovação para começar a usar não sei dizer se é melhor que esses que vocês apresentaram mas fica a dica caso queiram dar uma olhada,0,0,0,pt,True,bacano cdf costumar editor onlinar usar funcionar ide goorm goorm ide serviço coreano precisar aprovação começar bom apresentar ficar dica querer olhado,Goorm|PER
40QyA5f3Qo0,UgyUSKR32r14EJWV2up4AaABAg,,principal,Tem algum para aprender banco de dados?,0,2021-06-11T15:12:04Z,2021-06-11T15:12:04Z,7 Editores Incríveis para Programar  Online que Você Deveria Experimentar,Tem algum para aprender banco de dados?,tem algum para aprender banco de dados,0,0,0,pt,True,algum aprender banco dado,
40QyA5f3Qo0,UgyUSKR32r14EJWV2up4AaABAg.9OSWGp031vf9OSXOYJSc7T,UgyUSKR32r14EJWV2up4AaABAg,resposta,"Oracle live, se eu n me engano",2,2021-06-11T15:21:51Z,2021-06-11T15:21:51Z,7 Editores Incríveis para Programar  Online que Você Deveria Experimentar,"Oracle live, se eu n me engano",oracle live se eu n me engano,0,0,0,fr,True,oracle live engano,Oracle|MISC
40QyA5f3Qo0,Ugyj0EdG-kZ3vgPiCQB4AaABAg,,principal,Amei o video meu pc é muito limitado para aprender desenvolvimento mobolie esse último me deixou bem curioso a tentar 😂,3,2021-06-11T15:06:54Z,2021-06-11T15:06:54Z,7 Editores Incríveis para Programar  Online que Você Deveria Experimentar,Amei o video meu pc é muito limitado para aprender desenvolvimento mobolie esse último me deixou bem curioso a tentar 😂,amei o video meu pc é muito limitado para aprender desenvolvimento mobolie esse último me deixou bem curioso a tentar,1,0,0,pt,True,ameir limitar aprender desenvolvimento mobolie deixar curioso,Amei|PER
40QyA5f3Qo0,Ugyj0EdG-kZ3vgPiCQB4AaABAg.9OSVfxzLyIE9OTTjGPgqDR,Ugyj0EdG-kZ3vgPiCQB4AaABAg,resposta,Eu to sofrendo com o Android Studio no meu notebook de 3gb de RAM 😣,1,2021-06-12T00:09:06Z,2021-06-12T00:09:06Z,7 Editores Incríveis para Programar  Online que Você Deveria Experimentar,Eu to sofrendo com o Android Studio no meu notebook de 3gb de RAM 😣,eu to sofrendo com o android studio no meu notebook de gb de ram,1,0,0,pt,True,sofrer android studio notebook,Android Studio|MISC;RAM|MISC
40QyA5f3Qo0,Ugyj0EdG-kZ3vgPiCQB4AaABAg.9OSVfxzLyIE9aANRSvlgFH,Ugyj0EdG-kZ3vgPiCQB4AaABAg,resposta,"Não sei em qual stack vc faz teus projetos, mas eu uso bastante o snack expo, pra desenvolver algumas coisas usando React Native. O editor não é muito bom, mas é melhor do que nada pelo menos para mim",0,2022-04-23T16:56:40Z,2022-04-23T16:56:40Z,7 Editores Incríveis para Programar  Online que Você Deveria Experimentar,"Não sei em qual stack vc faz teus projetos, mas eu uso bastante o snack expo, pra desenvolver algumas coisas usando React Native. O editor não é muito bom, mas é melhor do que nada pelo menos para mim",não sei em qual stack vc faz teus projetos mas eu uso bastante o snack expo pra desenvolver algumas coisas usando react native o editor não é muito bom mas é melhor do que nada pelo menos para mim,0,0,0,pt,True,stack projeto usar snack expo desenvolver coisa usar react native editor bom,React Native|PER
40QyA5f3Qo0,UgxbkV3sfZE5m3x6jLJ4AaABAg,,principal,"n sabia q estava assim n. caramba..rs
conhecia o gitpod de ouvir falar e codepen e visto tb o jsfiddle, mas me surpreendi.
parabens. vlw",3,2021-06-11T15:03:54Z,2021-06-11T15:24:46Z,7 Editores Incríveis para Programar  Online que Você Deveria Experimentar,"n sabia q estava assim n. caramba..rs conhecia o gitpod de ouvir falar e codepen e visto tb o jsfiddle, mas me surpreendi. parabens. vlw",n sabia q estava assim n caramba rs conhecia o gitpod de ouvir falar e codepen e visto tb o jsfiddle mas me surpreendi parabens vlw,0,0,0,pt,True,saber caramba conhecer gitpod ouvir falar codepen ver jsfiddle surpreendi parabem vlw,
40QyA5f3Qo0,UgxIVy5Uuws8L_Zu-rB4AaABAg,,principal,Ótimo conteúdo.,2,2021-06-11T14:53:34Z,2021-06-11T14:53:34Z,7 Editores Incríveis para Programar  Online que Você Deveria Experimentar,Ótimo conteúdo.,ótimo conteúdo,0,0,0,indefinido,True,bom conteúdo,Ótimo|LOC
40QyA5f3Qo0,UgyMVts-f9YstfunDul4AaABAg,,principal,Muito top!👏👏👏👏,1,2021-06-11T14:43:57Z,2021-06-11T14:43:57Z,7 Editores Incríveis para Programar  Online que Você Deveria Experimentar,Muito top!👏👏👏👏,muito top,4,0,0,indefinido,True,top,
40QyA5f3Qo0,UgzpCPh2Mq5vpX_rVRd4AaABAg,,principal,"Bom vídeo. 
Vou dar uma olhada em alguma dessas opções. No ano passado, quando as aulas presenciais foram suspensas, eu precisei procurar um ambiente de desenvolvimento remoto que permitisse os meus alunos do ensino médio desenvolver em Java e WEB (HTML, CSS, JS) e permitindo usar repositórios privados do Github. Na época o que melhor se encaixou nisso foi o Replit, principalmente por ele ter integração com o Github Classroom.
Outra opção que achei interessante é o Github Codespaces, eu tenho acesso a ele, mas está em beta fechado. Eu espero que o Github dê acesso gratuito ao Codespaces para fins educacionais quando ele for lançado.",0,2021-06-11T14:42:06Z,2021-06-11T14:42:06Z,7 Editores Incríveis para Programar  Online que Você Deveria Experimentar,"Bom vídeo. Vou dar uma olhada em alguma dessas opções. No ano passado, quando as aulas presenciais foram suspensas, eu precisei procurar um ambiente de desenvolvimento remoto que permitisse os meus alunos do ensino médio desenvolver em Java e WEB (HTML, CSS, JS) e permitindo usar repositórios privados do Github. Na época o que melhor se encaixou nisso foi o Replit, principalmente por ele ter integração com o Github Classroom. Outra opção que achei interessante é o Github Codespaces, eu tenho acesso a ele, mas está em beta fechado. Eu espero que o Github dê acesso gratuito ao Codespaces para fins educacionais quando ele for lançado.",bom vídeo vou dar uma olhada em alguma dessas opções no ano passado quando as aulas presenciais foram suspensas eu precisei procurar um ambiente de desenvolvimento remoto que permitisse os meus alunos do ensino médio desenvolver em java e web html css js e permitindo usar repositórios privados do github na época o que melhor se encaixou nisso foi o replit principalmente por ele ter integração com o github classroom outra opção que achei interessante é o github codespaces eu tenho acesso a ele mas está em beta fechado eu espero que o github dê acesso gratuito ao codespaces para fins educacionais quando ele for lançado,0,0,0,pt,True,olhada opção ano passado aula presencial suspenso precisar procurar ambiente desenvolvimento remoto permitir aluno ensino médio desenvolver java web html permitir repositório privado github época encaixar replitr integração github classroom opção achar github codespace acesso beta fechar esperar github acesso gratuito codespace fim educacional lançar,Java|MISC;WEB|MISC;HTML|MISC;CSS|MISC;Github|MISC;Replit|ORG;Github Classroom|MISC;Github Codespaces|MISC;Github|MISC;Codespaces|LOC
40QyA5f3Qo0,UgxFj7ATDZaC-EZKq354AaABAg,,principal,"Muito interessante esse Code Anywhere, achei que não iria aparecer o gitpod, tadinho do repl.it",3,2021-06-11T14:36:27Z,2021-06-11T14:36:27Z,7 Editores Incríveis para Programar  Online que Você Deveria Experimentar,"Muito interessante esse Code Anywhere, achei que não iria aparecer o gitpod, tadinho do repl.it",muito interessante esse code anywhere achei que não iria aparecer o gitpod tadinho do repl it,0,0,0,pt,True,interessante coder anywherir achar aparecer gitpod tadinho repl,Code Anywhere|MISC;repl.it|ORG
40QyA5f3Qo0,UgyEau59UC6U-EzrFnZ4AaABAg,,principal,Sensacional.,0,2021-06-11T14:33:42Z,2021-06-11T14:33:42Z,7 Editores Incríveis para Programar  Online que Você Deveria Experimentar,Sensacional.,sensacional,0,0,0,indefinido,True,,Sensacional|LOC
40QyA5f3Qo0,UgzEjx33VVKWq5PeXll4AaABAg,,principal,"E eu que na reunião online da empresa, comecei a rir do patrão por ele ainda usar quadro de lousa como kanban em pleno século 21; ele não gostou não mas foi engraçado. Agora ele está usando ferramentas online gratuitas.",1,2021-06-11T14:31:20Z,2021-06-11T14:31:20Z,7 Editores Incríveis para Programar  Online que Você Deveria Experimentar,"E eu que na reunião online da empresa, comecei a rir do patrão por ele ainda usar quadro de lousa como kanban em pleno século 21; ele não gostou não mas foi engraçado. Agora ele está usando ferramentas online gratuitas.",e eu que na reunião online da empresa comecei a rir do patrão por ele ainda usar quadro de lousa como kanban em pleno século ele não gostou não mas foi engraçado agora ele está usando ferramentas online gratuitas,0,0,0,pt,True,reunião online empresa começar rir patrão quadro lousa kanban pleno século gostar engraçar usar ferramenta online gratuita,kanban|PER
40QyA5f3Qo0,UgzIs4rsxZQlYFQgb9R4AaABAg,,principal,"Faltou o REPL.IT, uso ele bastante pra python ou javascript, tem suporte a diversas linguagens, mas acho que fica atrás do Gitpod e Code Anywhere, o combo REPL.IT e CodePen tem funcionado bem pra mim, mas já estou pensou em mudar o backend por Gitpod.",6,2021-06-11T14:27:04Z,2021-06-11T14:27:04Z,7 Editores Incríveis para Programar  Online que Você Deveria Experimentar,"Faltou o REPL.IT, uso ele bastante pra python ou javascript, tem suporte a diversas linguagens, mas acho que fica atrás do Gitpod e Code Anywhere, o combo REPL.IT e CodePen tem funcionado bem pra mim, mas já estou pensou em mudar o backend por Gitpod.",faltou o repl it uso ele bastante pra python ou javascript tem suporte a diversas linguagens mas acho que fica atrás do gitpod e code anywhere o combo repl it e codepen tem funcionado bem pra mim mas já estou pensou em mudar o backend por gitpod,0,0,0,pt,True,faltar repl uso python javascript suporte linguagem achar ficar gitpod coder anywherir combo repl codepen funcionar pensar mudar backend gitpod,REPL.IT|ORG;python|MISC;javascript|MISC;Gitpod|MISC;Code Anywhere|MISC;CodePen|LOC;Gitpod|PER
40QyA5f3Qo0,UgzIs4rsxZQlYFQgb9R4AaABAg.9OSR7G33f2FAAWYXrcHREz,UgzIs4rsxZQlYFQgb9R4AaABAg,resposta,Replit agora ta cobrando,0,2024-11-06T22:58:33Z,2024-11-06T22:58:33Z,7 Editores Incríveis para Programar  Online que Você Deveria Experimentar,Replit agora ta cobrando,replit agora ta cobrando,0,0,0,ca,True,replitr cobrar,
40QyA5f3Qo0,UgxtWnJ8Ev68rA2I_1R4AaABAg,,principal,"Poxa galera esse foi um dos vídeos mais interessantes pra mim, pois é a solução que precisava para ensinar meus alunos, que não tem recursos computacionais para rodar um framework. Muito obrigado!!",70,2021-06-11T14:24:42Z,2021-06-11T15:20:26Z,7 Editores Incríveis para Programar  Online que Você Deveria Experimentar,"Poxa galera esse foi um dos vídeos mais interessantes pra mim, pois é a solução que precisava para ensinar meus alunos, que não tem recursos computacionais para rodar um framework. Muito obrigado!!",poxa galera esse foi um dos vídeos mais interessantes pra mim pois é a solução que precisava para ensinar meus alunos que não tem recursos computacionais para rodar um framework muito obrigado,0,0,0,pt,True,poxar galer interessante solução precisar ensinar aluno recurso computacional rodar framework,Poxa|PER
40QyA5f3Qo0,UgxtWnJ8Ev68rA2I_1R4AaABAg.9OSQqxVfq369OSoR9u0vmc,UgxtWnJ8Ev68rA2I_1R4AaABAg,resposta,"Tem o scrath q é mto bom tmbm p demonstrações, usei para demonstrar como a programação funciona uma vez em uma sala de aula.",2,2021-06-11T17:59:30Z,2021-06-11T17:59:30Z,7 Editores Incríveis para Programar  Online que Você Deveria Experimentar,"Tem o scrath q é mto bom tmbm p demonstrações, usei para demonstrar como a programação funciona uma vez em uma sala de aula.",tem o scrath q é mto bom tmbm p demonstrações usei para demonstrar como a programação funciona uma vez em uma sala de aula,0,0,0,pt,True,scrath mto tmbm demonstração usei demonstrar programação funcionar sala aula,
40QyA5f3Qo0,UgxtWnJ8Ev68rA2I_1R4AaABAg.9OSQqxVfq369OSudKcwgIh,UgxtWnJ8Ev68rA2I_1R4AaABAg,resposta,@emanuelmartins9508 para meu propósito o stackbliz se encaixou melhor,1,2021-06-11T18:53:43Z,2021-06-11T18:53:43Z,7 Editores Incríveis para Programar  Online que Você Deveria Experimentar,para meu propósito o stackbliz se encaixou melhor,para meu propósito o stackbliz se encaixou melhor,0,0,0,pt,True,propósito stackbliz encaixar,
40QyA5f3Qo0,UgxtWnJ8Ev68rA2I_1R4AaABAg.9OSQqxVfq369bcTiZnSQUO,UgxtWnJ8Ev68rA2I_1R4AaABAg,resposta,*O senhor é professor ? Como faço pata criar conta no Git e acessar o CodePen ?*,0,2022-05-29T20:40:56Z,2022-05-29T20:40:56Z,7 Editores Incríveis para Programar  Online que Você Deveria Experimentar,*O senhor é professor ? Como faço pata criar conta no Git e acessar o CodePen ?*,o senhor é professor como faço pata criar conta no git e acessar o codepen,0,0,0,pt,True,senhor professor patar criar conta git acessar codepen,Git|MISC;CodePen ?*|MISC
40QyA5f3Qo0,UgzE3lyj4JoRpt3rB614AaABAg,,principal,Maravilha!Agradeço!,1,2021-06-11T14:19:37Z,2021-06-11T14:19:37Z,7 Editores Incríveis para Programar  Online que Você Deveria Experimentar,Maravilha!Agradeço!,maravilha agradeço,0,0,0,indefinido,True,maravilhar agradeço,Maravilha!Agradeço!|MISC
40QyA5f3Qo0,Ugz7Rl5f54mozZK_jz54AaABAg,,principal,Fiquei curioso e vou testar um.,7,2021-06-11T14:17:57Z,2021-06-11T14:17:57Z,7 Editores Incríveis para Programar  Online que Você Deveria Experimentar,Fiquei curioso e vou testar um.,fiquei curioso e vou testar um,0,0,0,pt,True,fiquei curioso testar,
40QyA5f3Qo0,UgwBNIjwsw90HFxMdXd4AaABAg,,principal,Caraca vocês são demais👏👏👏👏🚀,2,2021-06-11T14:14:45Z,2021-06-11T14:14:45Z,7 Editores Incríveis para Programar  Online que Você Deveria Experimentar,Caraca vocês são demais👏👏👏👏🚀,caraca vocês são demais,5,0,0,pt,True,caracar,Caraca|LOC
40QyA5f3Qo0,UgyWSYq7PI8hN354LU54AaABAg,,principal,"Eu estudo em outra cidade e acabo passando muito tempo em uma van. Por muito tempo, não tinha um notebook então usava o celular para adiantar as listas kk",5,2021-06-11T14:06:15Z,2021-06-11T14:06:15Z,7 Editores Incríveis para Programar  Online que Você Deveria Experimentar,"Eu estudo em outra cidade e acabo passando muito tempo em uma van. Por muito tempo, não tinha um notebook então usava o celular para adiantar as listas kk",eu estudo em outra cidade e acabo passando muito tempo em uma van por muito tempo não tinha um notebook então usava o celular para adiantar as listas kk,0,0,0,pt,True,estudo cidade acabo passar van ter notebook usar celular adiantar lista,
40QyA5f3Qo0,UgyeKZo4lM4Eu7Fztkt4AaABAg,,principal,Só eu que fico tentando programar na mente msm?,38,2021-06-11T14:04:09Z,2021-06-11T14:04:09Z,7 Editores Incríveis para Programar  Online que Você Deveria Experimentar,Só eu que fico tentando programar na mente msm?,só eu que fico tentando programar na mente msm,0,0,0,pt,True,tentar programar mente,
40QyA5f3Qo0,UgyeKZo4lM4Eu7Fztkt4AaABAg.9OSOVNikdV19OSPZLaZCTl,UgyeKZo4lM4Eu7Fztkt4AaABAg,resposta,"Quando estou fazendo Levantamentos e especificações fico até parecendo a Nazaré fazendo cálculos, IF's e por ai vai huahuahuahuahu. Acho que esse é um mal que persegue todos nós uhauhhuahua",6,2021-06-11T14:13:25Z,2021-06-11T14:13:25Z,7 Editores Incríveis para Programar  Online que Você Deveria Experimentar,"Quando estou fazendo Levantamentos e especificações fico até parecendo a Nazaré fazendo cálculos, IF's e por ai vai huahuahuahuahu. Acho que esse é um mal que persegue todos nós uhauhhuahua",quando estou fazendo levantamentos e especificações fico até parecendo a nazaré fazendo cálculos if s e por ai vai huahuahuahuahu acho que esse é um mal que persegue todos nós uhauhhuahua,0,0,0,pt,True,fazer levantamento especificação fico parecer nazaré fazer cálculo huahuahuahuahu achar perseguar uhauhhuahu,Levantamentos|LOC;Nazaré|LOC;IF's|MISC
40QyA5f3Qo0,UgyeKZo4lM4Eu7Fztkt4AaABAg.9OSOVNikdV19oyZp7XLHuT,UgyeKZo4lM4Eu7Fztkt4AaABAg,resposta,"Eu programo até no papel
Higiênico pra não esquecer... A edéia",5,2023-04-26T13:25:40Z,2023-04-26T13:25:40Z,7 Editores Incríveis para Programar  Online que Você Deveria Experimentar,Eu programo até no papel Higiênico pra não esquecer... A edéia,eu programo até no papel higiênico pra não esquecer a edéia,0,0,0,pt,True,papel higiênico esquecer edéia,Higiênico|MISC
40QyA5f3Qo0,UgyeKZo4lM4Eu7Fztkt4AaABAg.9OSOVNikdV1A23u7e2-9U2,UgyeKZo4lM4Eu7Fztkt4AaABAg,resposta,eu,0,2024-04-10T23:46:49Z,2024-04-10T23:46:49Z,7 Editores Incríveis para Programar  Online que Você Deveria Experimentar,eu,eu,0,0,0,indefinido,True,,
40QyA5f3Qo0,Ugz3PF2ZovOP0f321zZ4AaABAg,,principal,Estava pesquisando esse assunto. Valeu.,3,2021-06-11T14:02:40Z,2021-06-11T14:02:40Z,7 Editores Incríveis para Programar  Online que Você Deveria Experimentar,Estava pesquisando esse assunto. Valeu.,estava pesquisando esse assunto valeu,0,0,0,pt,True,pesquisar assunto valer,Valeu|LOC
qD3zyh7-hpw,UgwV1qMEHRqOYp675mV4AaABAg,,principal,"Fala galera!
Gostou do vídeo? Deixa a sua curtida e se inscreve no canal!

► Para baixar o Minicurso de Python, acesse: https://pages.hashtagtreinamentos.com/inscricao-minicurso-python-automacao-org?origemurl=hashtag_yt_org_minipython_qD3zyh7-hpw

► Para instalar o Jupyter, acesse: https://www.youtube.com/watch?v=_eK0z5QbpKA 

► Blog: https://bit.ly/2MRUZs0
► YouTube: http://bit.ly/3c0LJQi
► Instagram: https://bit.ly/3o6dw42
► Facebook: http://bit.ly/3qGtaF2",13,2024-02-27T20:26:07Z,2024-02-27T20:26:07Z,"Qual a Melhor IDE para Python? PyCharm, VSCode, Jupyter, Colab","Fala galera! Gostou do vídeo? Deixa a sua curtida e se inscreve no canal! ► Para baixar o Minicurso de Python, acesse: ► Para instalar o Jupyter, acesse: ► Blog: ► YouTube: ► Instagram: ► Facebook:",fala galera gostou do vídeo deixa a sua curtida e se inscreve no canal para baixar o minicurso de python acesse para instalar o jupyter acesse blog youtube instagram facebook,0,0,0,pt,True,falar galera gostar deixar curtida inscrever baixar minicurso python acer instalar jupyter acer blog youtube instagr facebook,Minicurso de Python|MISC;Jupyter|MISC;YouTube|MISC;Facebook|MISC
qD3zyh7-hpw,Ugw3GUWYn6EdinTqHsR4AaABAg,,principal,"Uso o colab, tô gostando dele, pra quem tá aprendendo é ótimo",0,2026-08-16T04:54:12Z,2026-08-16T04:54:12Z,"Qual a Melhor IDE para Python? PyCharm, VSCode, Jupyter, Colab","Uso o colab, tô gostando dele, pra quem tá aprendendo é ótimo",uso o colab tô gostando dele pra quem tá aprendendo é ótimo,0,0,0,pt,True,uso colab gostar aprender bom,
qD3zyh7-hpw,Ugw42BiZQoNQEku21Yt4AaABAg,,principal,"Sim, porem, no Pycharm também tem à extensão Jupyter.",0,2026-06-17T16:57:02Z,2026-06-17T16:59:34Z,"Qual a Melhor IDE para Python? PyCharm, VSCode, Jupyter, Colab","Sim, porem, no Pycharm também tem à extensão Jupyter.",sim porem no pycharm também tem à extensão jupyter,0,0,0,pt,True,por pycharm extensão jupyter,Pycharm|MISC;Jupyter|LOC
qD3zyh7-hpw,Ugxl7S9OA1z07xJT_654AaABAg,,principal,"Lyra!! Meu PC é muito fraco!!! Dual core com 4GB de RAM, e 1TB de HD. Dá pra estudar e praticar Análise de dados com o Colab????? Ou serei obrigado a investir em hardware? Qual seria sua escolha?",0,2026-02-05T14:36:01Z,2026-02-05T14:36:01Z,"Qual a Melhor IDE para Python? PyCharm, VSCode, Jupyter, Colab","Lyra!! Meu PC é muito fraco!!! Dual core com 4GB de RAM, e 1TB de HD. Dá pra estudar e praticar Análise de dados com o Colab????? Ou serei obrigado a investir em hardware? Qual seria sua escolha?",lyra meu pc é muito fraco dual core com gb de ram e tb de hd dá pra estudar e praticar análise de dados com o colab ou serei obrigado a investir em hardware qual seria sua escolha,0,0,0,pt,True,lyra fraco dual core ram estudar praticar análise dado colab investir hardware escolha,Lyra!! Meu PC|MISC;RAM|MISC;Análise de dados com o|MISC;Colab|MISC
qD3zyh7-hpw,UgwmaJr9_momz8m_0y94AaABAg,,principal,"Vim aqui para procurar alternativas ao VSCODE

VSCODE é um lixo,

Configurar ambiente virtual é um saco.

E sempre dá problema com a conexão WSL",0,2026-01-22T16:25:19Z,2026-01-22T16:26:09Z,"Qual a Melhor IDE para Python? PyCharm, VSCode, Jupyter, Colab","Vim aqui para procurar alternativas ao VSCODE VSCODE é um lixo, Configurar ambiente virtual é um saco. E sempre dá problema com a conexão WSL",vim aqui para procurar alternativas ao vscode vscode é um lixo configurar ambiente virtual é um saco e sempre dá problema com a conexão wsl,0,0,0,pt,True,vir procurar alternativa vscode vscoder lixo configurar ambiente virtual saco problema conexão wsl,VSCODE VSCODE|MISC;Configurar|PER
qD3zyh7-hpw,UgzcBABW8aLT7P4TXRZ4AaABAg,,principal,Excelente explicação,0,2025-12-25T04:28:21Z,2025-12-25T04:28:21Z,"Qual a Melhor IDE para Python? PyCharm, VSCode, Jupyter, Colab",Excelente explicação,excelente explicação,0,0,0,indefinido,True,excelente explicação,
qD3zyh7-hpw,UgwFajFmIm5Gpd6sqZJ4AaABAg,,principal,"A pergunta agora é, qual a melhor IDE para usar junto com IA?. Precisamos deste tópico.",0,2025-11-24T23:47:48Z,2025-11-24T23:47:48Z,"Qual a Melhor IDE para Python? PyCharm, VSCode, Jupyter, Colab","A pergunta agora é, qual a melhor IDE para usar junto com IA?. Precisamos deste tópico.",a pergunta agora é qual a melhor ide para usar junto com ia precisamos deste tópico,0,0,0,pt,True,pergunta bom ide precisar tópico,IA?|MISC
qD3zyh7-hpw,UgxGUkgXijm1cvW_Ndd4AaABAg,,principal,jupter é o mesmo que google colab?,0,2025-10-12T13:42:35Z,2025-10-12T13:42:35Z,"Qual a Melhor IDE para Python? PyCharm, VSCode, Jupyter, Colab",jupter é o mesmo que google colab?,jupter é o mesmo que google colab,0,0,0,pt,True,google colab,
qD3zyh7-hpw,UgxiOe8JWEvAPvb1R0V4AaABAg,,principal,"O vscode é leve e funcional, mas a integração com o Conda é muito bugada. Se for utilizar o tensorflow em GPU,  prepare para ter um ambiente instável(no reconhecimento da GPU) que vai requerer configurações manuais para o terminal
 o pycharm é bruto, integrado com Conda sem frescura.",2,2025-07-15T11:40:46Z,2025-07-15T11:43:41Z,"Qual a Melhor IDE para Python? PyCharm, VSCode, Jupyter, Colab","O vscode é leve e funcional, mas a integração com o Conda é muito bugada. Se for utilizar o tensorflow em GPU, prepare para ter um ambiente instável(no reconhecimento da GPU) que vai requerer configurações manuais para o terminal o pycharm é bruto, integrado com Conda sem frescura.",o vscode é leve e funcional mas a integração com o conda é muito bugada se for utilizar o tensorflow em gpu prepare para ter um ambiente instável no reconhecimento da gpu que vai requerer configurações manuais para o terminal o pycharm é bruto integrado com conda sem frescura,0,0,0,pt,True,vscode leve funcional integração conda bugado utilizar tensorflow gpu prepare ambiente instável reconhecimento gpu requerer configuração manual terminal pycharm bruto integrar conda frescura,Conda|LOC;GPU|MISC;Conda|LOC
qD3zyh7-hpw,UgxIaqWDVacXG8uskWZ4AaABAg,,principal,"Estou estudando Ciência de Dados e fico muito de bobeira com seus videos, suas linhas de raciocínio a praticidade nas explicações, muito top mesmo, parabéns 👍",13,2025-05-11T21:45:05Z,2025-05-11T21:45:05Z,"Qual a Melhor IDE para Python? PyCharm, VSCode, Jupyter, Colab","Estou estudando Ciência de Dados e fico muito de bobeira com seus videos, suas linhas de raciocínio a praticidade nas explicações, muito top mesmo, parabéns 👍",estou estudando ciência de dados e fico muito de bobeira com seus videos suas linhas de raciocínio a praticidade nas explicações muito top mesmo parabéns,1,0,0,pt,True,estudar ciência dado fico bobeira linha raciocínio praticidade explicação top parabéns,Ciência de Dados|PER
qD3zyh7-hpw,UgxsuIv6s3IJzIoyBe54AaABAg,,principal,Ótimo vídeo,0,2025-04-23T14:27:01Z,2025-04-23T14:27:01Z,"Qual a Melhor IDE para Python? PyCharm, VSCode, Jupyter, Colab",Ótimo vídeo,ótimo vídeo,0,0,0,indefinido,True,bom,
qD3zyh7-hpw,UgyVNivsgAd7zDHakFR4AaABAg,,principal,Já existe o Jupyter Lite online também!,5,2025-01-25T23:36:48Z,2025-01-25T23:36:48Z,"Qual a Melhor IDE para Python? PyCharm, VSCode, Jupyter, Colab",Já existe o Jupyter Lite online também!,já existe o jupyter lite online também,0,0,0,pt,True,existir jupyter lite onlinar,Jupyter Lite|MISC
qD3zyh7-hpw,UgyoRn2XoYLliLRIG9l4AaABAg,,principal,eu uso a Geany e acho maravilhoso,0,2024-12-07T22:48:13Z,2024-12-07T22:48:13Z,"Qual a Melhor IDE para Python? PyCharm, VSCode, Jupyter, Colab",eu uso a Geany e acho maravilhoso,eu uso a geany e acho maravilhoso,0,0,0,pt,True,usar geany achar maravilhoso,Geany|LOC
qD3zyh7-hpw,UgxhmBHROgoRJVkuigZ4AaABAg,,principal,Braboo!,0,2024-12-01T20:32:34Z,2024-12-01T20:32:34Z,"Qual a Melhor IDE para Python? PyCharm, VSCode, Jupyter, Colab",Braboo!,braboo,0,0,0,indefinido,True,braboo,Braboo|LOC
qD3zyh7-hpw,UgzP0JAU0V0ResxuXxV4AaABAg,,principal,Usei a bastante tempo o Pycharm. O abandonei pois drena muito a memória ram,3,2024-11-16T16:08:20Z,2024-11-16T16:08:20Z,"Qual a Melhor IDE para Python? PyCharm, VSCode, Jupyter, Colab",Usei a bastante tempo o Pycharm. O abandonei pois drena muito a memória ram,usei a bastante tempo o pycharm o abandonei pois drena muito a memória ram,0,0,0,pt,True,usar pycharm abandonei drenar memória,Usei|PER;Pycharm|MISC
qD3zyh7-hpw,UgzP0JAU0V0ResxuXxV4AaABAg.AAuZY800WHZAU8ME20rHeZ,UgzP0JAU0V0ResxuXxV4AaABAg,resposta,Ola! e agora tá usando qual?,0,2026-03-09T15:57:05Z,2026-03-09T15:57:05Z,"Qual a Melhor IDE para Python? PyCharm, VSCode, Jupyter, Colab",Ola! e agora tá usando qual?,ola e agora tá usando qual,0,0,0,pt,True,ola usar,Ola!|MISC
qD3zyh7-hpw,UgzRJH0XeahCVgmpI4p4AaABAg,,principal,"Parece que algumas bibliotecas não funcionam mais no PyCharm Comunnity, e aí vc precisa usar o professional, que é pago...",0,2024-10-25T03:39:06Z,2024-10-25T03:39:06Z,"Qual a Melhor IDE para Python? PyCharm, VSCode, Jupyter, Colab","Parece que algumas bibliotecas não funcionam mais no PyCharm Comunnity, e aí vc precisa usar o professional, que é pago...",parece que algumas bibliotecas não funcionam mais no pycharm comunnity e aí vc precisa usar o professional que é pago,0,0,0,pt,True,biblioteca funcionar pycharm comunnity precisar professional pagar,PyCharm Comunnity|MISC
qD3zyh7-hpw,UgxU86ATbB4Ylyv_3vx4AaABAg,,principal,"Melhor editor é o Notepad, aí roda em qualquer máquina...kkkkkkk",2,2024-10-05T01:33:38Z,2024-10-05T01:33:38Z,"Qual a Melhor IDE para Python? PyCharm, VSCode, Jupyter, Colab","Melhor editor é o Notepad, aí roda em qualquer máquina...kk",melhor editor é o notepad aí roda em qualquer máquina,0,1,0,pt,True,bom editor notepad rodar máquina,Notepad|MISC
qD3zyh7-hpw,UgzRIZbEy0dXyv0270x4AaABAg,,principal,"Eu gosto do vscode, mas pra usar o debug eu não curti achei bem estranho, o pycharm community se sai bem melhor para debugar. Talvez seja eu que precise aprender como usar o debug do vscode para Python mas o pycharm já vem bem mais apresentável e fácil de usar",1,2024-09-22T20:02:08Z,2024-09-22T20:02:08Z,"Qual a Melhor IDE para Python? PyCharm, VSCode, Jupyter, Colab","Eu gosto do vscode, mas pra usar o debug eu não curti achei bem estranho, o pycharm community se sai bem melhor para debugar. Talvez seja eu que precise aprender como usar o debug do vscode para Python mas o pycharm já vem bem mais apresentável e fácil de usar",eu gosto do vscode mas pra usar o debug eu não curti achei bem estranho o pycharm community se sai bem melhor para debugar talvez seja eu que precise aprender como usar o debug do vscode para python mas o pycharm já vem bem mais apresentável e fácil de usar,0,0,0,pt,True,gostar vscode debug curtir achar estranho pycharm community sair debugar preciser aprender debug vscode python pycharm apresentável fácil,Python|MISC
qD3zyh7-hpw,UgznwUyBcRDhDyRV0kJ4AaABAg,,principal,Acho que a melhor IDE depende do que vc vai fazer.... e do próprio Programador,1,2024-09-04T20:56:47Z,2024-09-04T20:56:47Z,"Qual a Melhor IDE para Python? PyCharm, VSCode, Jupyter, Colab",Acho que a melhor IDE depende do que vc vai fazer.... e do próprio Programador,acho que a melhor ide depende do que vc vai fazer e do próprio programador,0,0,0,pt,True,achar bom ide depender programador,Programador|PER
qD3zyh7-hpw,UgxoQ10TAY5KuRm2Nq94AaABAg,,principal,"vídeo incrível. estou engatinhando em programação em python e tenho usado o vscode. estou achando incrível e mais ainda, as possibilidades que podem ser alcançadas com python. 
Obrigado pelo vídeo.",3,2024-08-31T21:15:29Z,2024-08-31T21:15:29Z,"Qual a Melhor IDE para Python? PyCharm, VSCode, Jupyter, Colab","vídeo incrível. estou engatinhando em programação em python e tenho usado o vscode. estou achando incrível e mais ainda, as possibilidades que podem ser alcançadas com python. Obrigado pelo vídeo.",vídeo incrível estou engatinhando em programação em python e tenho usado o vscode estou achando incrível e mais ainda as possibilidades que podem ser alcançadas com python obrigado pelo vídeo,0,0,0,pt,True,incrível engatinhar programação python usar achar incrível possibilidade alcançar python,python|MISC
qD3zyh7-hpw,Ugzfu38A3V8k0duBnk54AaABAg,,principal,Muito bom!,0,2024-07-30T13:38:17Z,2024-07-30T13:38:17Z,"Qual a Melhor IDE para Python? PyCharm, VSCode, Jupyter, Colab",Muito bom!,muito bom,0,0,0,indefinido,True,,
qD3zyh7-hpw,Ugx6KLrwOU0AQp0_OYx4AaABAg,,principal,"Muito bom o vídeo, parabéns. Tirou várias dúvidas minhas 🫡",0,2024-07-22T20:01:40Z,2024-07-22T20:01:40Z,"Qual a Melhor IDE para Python? PyCharm, VSCode, Jupyter, Colab","Muito bom o vídeo, parabéns. Tirou várias dúvidas minhas 🫡",muito bom o vídeo parabéns tirou várias dúvidas minhas,1,0,0,pt,True,parabéns tirar dúvida,
qD3zyh7-hpw,UgwTWHFnh4IidfJtXnJ4AaABAg,,principal,Faltou lembrar que o VS Code é gratuito e o pyCharm é pago. Muito bom o vídeo.,15,2024-07-03T13:49:40Z,2024-07-03T13:49:40Z,"Qual a Melhor IDE para Python? PyCharm, VSCode, Jupyter, Colab",Faltou lembrar que o VS Code é gratuito e o pyCharm é pago. Muito bom o vídeo.,faltou lembrar que o vs code é gratuito e o pycharm é pago muito bom o vídeo,0,0,0,pt,True,faltar lembrar coder gratuito pycharm pagar,VS Code|MISC;pyCharm|MISC
qD3zyh7-hpw,UgwTWHFnh4IidfJtXnJ4AaABAg.A5R7ZYLlw3iA5psDYPtqG5,UgwTWHFnh4IidfJtXnJ4AaABAg,resposta,tem a versão community,12,2024-07-13T13:47:07Z,2024-07-13T13:47:07Z,"Qual a Melhor IDE para Python? PyCharm, VSCode, Jupyter, Colab",tem a versão community,tem a versão community,0,0,0,pt,True,versão ce ommunity,
qD3zyh7-hpw,UgzY-PIGZN3LuiWPYk94AaABAg,,principal,"Gostei dos esclarecimentos, grato!  Se eu quiser fazer um app via web ou mobile qual o ide vc indicaria?",1,2024-06-16T23:35:13Z,2024-06-16T23:35:13Z,"Qual a Melhor IDE para Python? PyCharm, VSCode, Jupyter, Colab","Gostei dos esclarecimentos, grato! Se eu quiser fazer um app via web ou mobile qual o ide vc indicaria?",gostei dos esclarecimentos grato se eu quiser fazer um app via web ou mobile qual o ide vc indicaria,0,0,0,pt,True,gostar esclarecimento grato querer app ver mobile ide indicar,
qD3zyh7-hpw,UgyxibLyZxLXBhbZqLh4AaABAg,,principal,Ótimas explicações!,1,2024-06-05T23:18:59Z,2024-06-05T23:18:59Z,"Qual a Melhor IDE para Python? PyCharm, VSCode, Jupyter, Colab",Ótimas explicações!,ótimas explicações,0,0,0,indefinido,True,ótimm explicação,
qD3zyh7-hpw,UgwWsk5IldTMWslJQZ94AaABAg,,principal,"Qual desses ide e melhor pra notebook fraco,porque tô testando o pycharm e ele tá matando meu notebook",4,2024-05-07T17:59:13Z,2024-05-07T17:59:51Z,"Qual a Melhor IDE para Python? PyCharm, VSCode, Jupyter, Colab","Qual desses ide e melhor pra notebook fraco,porque tô testando o pycharm e ele tá matando meu notebook",qual desses ide e melhor pra notebook fraco porque tô testando o pycharm e ele tá matando meu notebook,0,0,0,pt,True,ide bom notebook fraco testar pycharm matar notebook,
qD3zyh7-hpw,UgwWsk5IldTMWslJQZ94AaABAg.A38noRQydOKA59cSuDIC_C,UgwWsk5IldTMWslJQZ94AaABAg,resposta,Visual Studio Code,3,2024-06-26T18:42:03Z,2024-06-26T18:42:03Z,"Qual a Melhor IDE para Python? PyCharm, VSCode, Jupyter, Colab",Visual Studio Code,visual studio code,0,0,0,it,True,visual studio coder,
qD3zyh7-hpw,UgwWsk5IldTMWslJQZ94AaABAg.A38noRQydOKA6gY2ouvKuL,UgwWsk5IldTMWslJQZ94AaABAg,resposta,Colab,1,2024-08-03T19:20:22Z,2024-08-03T19:20:22Z,"Qual a Melhor IDE para Python? PyCharm, VSCode, Jupyter, Colab",Colab,colab,0,0,0,indefinido,True,colab,Colab|LOC
qD3zyh7-hpw,UgwWsk5IldTMWslJQZ94AaABAg.A38noRQydOKA8eN7cKnxga,UgwWsk5IldTMWslJQZ94AaABAg,resposta,Ele explode kkkkkk,0,2024-09-21T16:09:13Z,2024-09-21T16:09:13Z,"Qual a Melhor IDE para Python? PyCharm, VSCode, Jupyter, Colab",Ele explode kk,ele explode,0,1,0,indefinido,True,exploder,
qD3zyh7-hpw,UgwWsk5IldTMWslJQZ94AaABAg.A38noRQydOKAPnc0mh9KPn,UgwWsk5IldTMWslJQZ94AaABAg,resposta,Amigo ele respondeu isso no vídeo,0,2025-11-21T19:14:57Z,2025-11-21T19:14:57Z,"Qual a Melhor IDE para Python? PyCharm, VSCode, Jupyter, Colab",Amigo ele respondeu isso no vídeo,amigo ele respondeu isso no vídeo,0,0,0,pt,True,amigo responder,Amigo|PER
qD3zyh7-hpw,UgwOMfrHmZF_AOcsOB94AaABAg,,principal,Uso VScode e PyCharm,1,2024-04-17T14:45:56Z,2024-04-17T14:45:56Z,"Qual a Melhor IDE para Python? PyCharm, VSCode, Jupyter, Colab",Uso VScode e PyCharm,uso vscode e pycharm,0,0,0,pt,True,uso vscoder pycharm,PyCharm|MISC
qD3zyh7-hpw,UgwOMfrHmZF_AOcsOB94AaABAg.A2KxnHsbHV6A2zWz1vPm74,UgwOMfrHmZF_AOcsOB94AaABAg,resposta,"estou com um BO com o vscode, todas as alterações que eu faço, eu preciso fechar e reabrir vscode para ele entender a modificação",0,2024-05-03T18:10:59Z,2024-05-03T18:10:59Z,"Qual a Melhor IDE para Python? PyCharm, VSCode, Jupyter, Colab","estou com um BO com o vscode, todas as alterações que eu faço, eu preciso fechar e reabrir vscode para ele entender a modificação",estou com um bo com o vscode todas as alterações que eu faço eu preciso fechar e reabrir vscode para ele entender a modificação,0,0,0,pt,True,vscode alteração preciso fechar reabrir vscode entender modificação,
qD3zyh7-hpw,UgwOMfrHmZF_AOcsOB94AaABAg.A2KxnHsbHV6A315T3Nblel,UgwOMfrHmZF_AOcsOB94AaABAg,resposta,"@marcosbarquet rapaz, nunca tive esse problema, ele roda minhas alterações de forma tranquila",1,2024-05-04T18:08:16Z,2024-05-04T18:08:16Z,"Qual a Melhor IDE para Python? PyCharm, VSCode, Jupyter, Colab","rapaz, nunca tive esse problema, ele roda minhas alterações de forma tranquila",rapaz nunca tive esse problema ele roda minhas alterações de forma tranquila,0,0,0,pt,True,rapaz problema rodar alteração tranquilo,
qD3zyh7-hpw,UgwOMfrHmZF_AOcsOB94AaABAg.A2KxnHsbHV6A59cXksv9V8,UgwOMfrHmZF_AOcsOB94AaABAg,resposta,@marcosbarquet estou com mesmo BO,0,2024-06-26T18:42:43Z,2024-06-26T18:42:43Z,"Qual a Melhor IDE para Python? PyCharm, VSCode, Jupyter, Colab",estou com mesmo BO,estou com mesmo bo,0,0,0,pt,True,,
qD3zyh7-hpw,Ugx-O4EkoHBGYanfY3V4AaABAg,,principal,"Pra galera da Engenharia Mec/Eletrica que mexe muito com gráficos, análise estruturais,  ambiente semelhante ao matlab para simulações etc, quais IDEs vc recomendaria?",11,2024-03-13T05:13:21Z,2024-03-13T05:15:12Z,"Qual a Melhor IDE para Python? PyCharm, VSCode, Jupyter, Colab","Pra galera da Engenharia Mec/Eletrica que mexe muito com gráficos, análise estruturais, ambiente semelhante ao matlab para simulações etc, quais IDEs vc recomendaria?",pra galera da engenharia mec eletrica que mexe muito com gráficos análise estruturais ambiente semelhante ao matlab para simulações etc quais ides vc recomendaria,0,0,0,pt,True,galera engenharia mec eletrica mexer gráfico análise estrutural ambiente semelhante matlab simulação ide recomendarer,Engenharia Mec|MISC;Eletrica|PER;IDEs|ORG
qD3zyh7-hpw,Ugx-O4EkoHBGYanfY3V4AaABAg.A0uoRxmqLbyA551E8e2aAI,Ugx-O4EkoHBGYanfY3V4AaABAg,resposta,Eu uso pycharm,1,2024-06-24T23:51:02Z,2024-06-24T23:51:02Z,"Qual a Melhor IDE para Python? PyCharm, VSCode, Jupyter, Colab",Eu uso pycharm,eu uso pycharm,0,0,0,pl,True,uso pycharm,
qD3zyh7-hpw,Ugx-O4EkoHBGYanfY3V4AaABAg.A0uoRxmqLbyA7A-MrDYOIU,Ugx-O4EkoHBGYanfY3V4AaABAg,resposta,pycharm,0,2024-08-15T15:13:44Z,2024-08-15T15:13:44Z,"Qual a Melhor IDE para Python? PyCharm, VSCode, Jupyter, Colab",pycharm,pycharm,0,0,0,indefinido,True,pycharm,
qD3zyh7-hpw,Ugx-O4EkoHBGYanfY3V4AaABAg.A0uoRxmqLbyAAl-WS6BKlT,Ugx-O4EkoHBGYanfY3V4AaABAg,resposta,"Utilize o spyder, que vem no pacote anaconda. Ele é semelhante ao matlab, scilab, octave.",5,2024-11-12T23:00:22Z,2024-11-12T23:00:22Z,"Qual a Melhor IDE para Python? PyCharm, VSCode, Jupyter, Colab","Utilize o spyder, que vem no pacote anaconda. Ele é semelhante ao matlab, scilab, octave.",utilize o spyder que vem no pacote anaconda ele é semelhante ao matlab scilab octave,0,0,0,pt,True,utilizar spyder pacote anaconda semelhante matlab scilab octaver,
qD3zyh7-hpw,Ugx-O4EkoHBGYanfY3V4AaABAg.A0uoRxmqLbyAB4OAfMQlQb,Ugx-O4EkoHBGYanfY3V4AaABAg,resposta,Vscode mano,1,2024-11-20T21:00:40Z,2024-11-20T21:00:40Z,"Qual a Melhor IDE para Python? PyCharm, VSCode, Jupyter, Colab",Vscode mano,vscode mano,0,0,0,indefinido,True,vscoder,Vscode|LOC
qD3zyh7-hpw,UgzG4dct4DzpPjRMrgR4AaABAg,,principal,"Vixi ,usar sistema 32bits hoje em dia ,vou testar Editor Atom for python",2,2024-03-11T07:26:59Z,2024-03-11T07:26:59Z,"Qual a Melhor IDE para Python? PyCharm, VSCode, Jupyter, Colab","Vixi ,usar sistema 32bits hoje em dia ,vou testar Editor Atom for python",vixi usar sistema bits hoje em dia vou testar editor atom for python,0,0,0,pt,True,vixi bit dia testar editor atom python,Editor Atom|MISC
qD3zyh7-hpw,UgwoBszcIl2304dUTkF4AaABAg,,principal,Não consigo colocar o vscode para funcionar nem com reza,4,2024-03-05T17:42:15Z,2024-03-05T17:42:15Z,"Qual a Melhor IDE para Python? PyCharm, VSCode, Jupyter, Colab",Não consigo colocar o vscode para funcionar nem com reza,não consigo colocar o vscode para funcionar nem com reza,0,0,0,pt,True,consigar colocar vscode funcionar reza,
qD3zyh7-hpw,UgwoBszcIl2304dUTkF4AaABAg.A0bYmyegX9TA17MMIUyh2u,UgwoBszcIl2304dUTkF4AaABAg,resposta,Conseguiu resolver?,0,2024-03-18T11:28:33Z,2024-03-18T11:28:33Z,"Qual a Melhor IDE para Python? PyCharm, VSCode, Jupyter, Colab",Conseguiu resolver?,conseguiu resolver,0,0,0,indefinido,True,conseguir resolver,
qD3zyh7-hpw,UgwoBszcIl2304dUTkF4AaABAg.A0bYmyegX9TA5fRQTwk4NX,UgwoBszcIl2304dUTkF4AaABAg,resposta,"Eu tava com problema com o tkinter. Resolvi baixando direto do site ao invés de usar o app  que fazia parte da ""loja de app""...",0,2024-07-09T12:31:48Z,2024-07-09T12:31:48Z,"Qual a Melhor IDE para Python? PyCharm, VSCode, Jupyter, Colab","Eu tava com problema com o tkinter. Resolvi baixando direto do site ao invés de usar o app que fazia parte da ""loja de app""...",eu tava com problema com o tkinter resolvi baixando direto do site ao invés de usar o app que fazia parte da loja de app,0,0,0,pt,True,tar problema tkinter resolvi baixar direto site invés app loja app,
qD3zyh7-hpw,UgzoK_zsaSbT8_JkTL94AaABAg,,principal,"uso o vscode. no entanto, acho um pouco complicada a troca entre ambientes virtuais nele",10,2024-02-29T08:37:46Z,2024-02-29T08:37:46Z,"Qual a Melhor IDE para Python? PyCharm, VSCode, Jupyter, Colab","uso o vscode. no entanto, acho um pouco complicada a troca entre ambientes virtuais nele",uso o vscode no entanto acho um pouco complicada a troca entre ambientes virtuais nele,0,0,0,pt,True,uso vscoder entanto achar complicado troca ambiente virtual,
qD3zyh7-hpw,UgzGUHGdiFx2wlieBq54AaABAg,,principal,"Videos sempre muito bons, vlw Brian O'conner da programação!",17,2024-02-29T04:32:34Z,2024-02-29T04:32:34Z,"Qual a Melhor IDE para Python? PyCharm, VSCode, Jupyter, Colab","Videos sempre muito bons, vlw Brian O'conner da programação!",videos sempre muito bons vlw brian o conner da programação,0,0,0,pt,True,bom brian conner programação,Videos|LOC;Brian O'conner|PER
qD3zyh7-hpw,UgzgQrPTNSCl8G3kt6d4AaABAg,,principal,muto bom,1,2024-02-28T03:09:05Z,2024-02-28T03:09:05Z,"Qual a Melhor IDE para Python? PyCharm, VSCode, Jupyter, Colab",muto bom,muto bom,0,0,0,indefinido,True,muto,
qD3zyh7-hpw,UgwDOgo2-hUJmSbbDHl4AaABAg,,principal,Microsoft Word >>>>>>,10,2024-02-27T20:48:20Z,2024-02-27T20:48:20Z,"Qual a Melhor IDE para Python? PyCharm, VSCode, Jupyter, Colab",Microsoft Word >>>>>>,microsoft word,0,0,0,indefinido,True,microsoft word,Microsoft Word|MISC
qD3zyh7-hpw,UgwDOgo2-hUJmSbbDHl4AaABAg.A0KrWonQkiMA1zLRA7-e4i,UgwDOgo2-hUJmSbbDHl4AaABAg,resposta,KKKKKKK,0,2024-04-08T19:58:42Z,2024-04-08T19:58:42Z,"Qual a Melhor IDE para Python? PyCharm, VSCode, Jupyter, Colab",KK,,0,1,0,indefinido,True,,
qD3zyh7-hpw,UgwDOgo2-hUJmSbbDHl4AaABAg.A0KrWonQkiMA2rjpXWSBGy,UgwDOgo2-hUJmSbbDHl4AaABAg,resposta,Credo 😂,0,2024-04-30T17:38:05Z,2024-04-30T17:38:05Z,"Qual a Melhor IDE para Python? PyCharm, VSCode, Jupyter, Colab",Credo 😂,credo,1,0,0,indefinido,True,ce redo,Credo 😂|LOC
qD3zyh7-hpw,UgwDOgo2-hUJmSbbDHl4AaABAg.A0KrWonQkiMA3n7hcSsJ0k,UgwDOgo2-hUJmSbbDHl4AaABAg,resposta,powershell>>>,2,2024-05-23T19:10:39Z,2024-05-23T19:10:39Z,"Qual a Melhor IDE para Python? PyCharm, VSCode, Jupyter, Colab",powershell>>>,powershell,0,0,0,indefinido,True,powershell,
qD3zyh7-hpw,UgwDOgo2-hUJmSbbDHl4AaABAg.A0KrWonQkiMA4Z9cvcfwIN,UgwDOgo2-hUJmSbbDHl4AaABAg,resposta,Kkkkkkkkkkk😅kkkkk😂,0,2024-06-11T20:10:17Z,2024-06-11T20:10:17Z,"Qual a Melhor IDE para Python? PyCharm, VSCode, Jupyter, Colab",Kkk😅kk😂,,2,2,0,indefinido,True,,Kkk😅kk😂|MISC
qD3zyh7-hpw,UgwDOgo2-hUJmSbbDHl4AaABAg.A0KrWonQkiMA5dhuhwxyVY,UgwDOgo2-hUJmSbbDHl4AaABAg,resposta,Bloco de notas ------>,1,2024-07-08T20:26:08Z,2024-07-08T20:26:08Z,"Qual a Melhor IDE para Python? PyCharm, VSCode, Jupyter, Colab",Bloco de notas ------>,bloco de notas,0,0,0,pt,True,bloco nota,
qD3zyh7-hpw,Ugyijx2yeALTWWhuUyZ4AaABAg,,principal,"Fixa, primeiro a comentar. 

Depende muito, no meu caso como eu tenho um bom notebook eu prefiro o Pycharm, mas tbm uso o Vscode, já testei todos esses.❤",1,2024-02-27T20:16:43Z,2024-02-27T20:20:57Z,"Qual a Melhor IDE para Python? PyCharm, VSCode, Jupyter, Colab","Fixa, primeiro a comentar. Depende muito, no meu caso como eu tenho um bom notebook eu prefiro o Pycharm, mas tbm uso o Vscode, já testei todos esses.❤",fixa primeiro a comentar depende muito no meu caso como eu tenho um bom notebook eu prefiro o pycharm mas tbm uso o vscode já testei todos esses,1,0,0,pt,True,fixo comentar depender caso notebook prefiro pycharm tbm usar vscoder testar,Fixa|LOC;Pycharm|MISC;Vscode|MISC
qD3zyh7-hpw,Ugyijx2yeALTWWhuUyZ4AaABAg.A0KnuBmiEUrA0L0aLSvyoF,Ugyijx2yeALTWWhuUyZ4AaABAg,resposta,Poderia falar o processador?,0,2024-02-27T22:16:20Z,2024-02-27T22:16:20Z,"Qual a Melhor IDE para Python? PyCharm, VSCode, Jupyter, Colab",Poderia falar o processador?,poderia falar o processador,0,0,0,pt,True,poder falar processador,
Sd_PpMlPmWY,UgxYiVb2mDjCcT3X2Bx4AaABAg,,principal,To usando o Opencode pq vem com as IA grátis e da pra integrar o ollama com IA em cloud e local. E Android studio tbm. Não sou programador,0,2026-02-26T15:04:07Z,2026-02-26T15:04:07Z,Quais IDEs os engenheiros de software adoram e por quê?,To usando o Opencode pq vem com as IA grátis e da pra integrar o ollama com IA em cloud e local. E Android studio tbm. Não sou programador,to usando o opencode pq vem com as ia grátis e da pra integrar o ollama com ia em cloud e local e android studio tbm não sou programador,0,0,0,pt,True,usar opencode grátis integrar ollama cloud android studio programador,Opencode pq|ORG;Android|MISC
Sd_PpMlPmWY,UgyvjEgMMlHIU5Oggd54AaABAg,,principal,"Antigravity é top na bala, se tu vacilar ele apaga até deu disco rígido, só uso ele agora é pura emoção, adrenalina pura.",0,2025-12-04T20:45:59Z,2025-12-04T20:46:17Z,Quais IDEs os engenheiros de software adoram e por quê?,"Antigravity é top na bala, se tu vacilar ele apaga até deu disco rígido, só uso ele agora é pura emoção, adrenalina pura.",antigravity é top na bala se tu vacilar ele apaga até deu disco rígido só uso ele agora é pura emoção adrenalina pura,0,0,0,pt,True,antigravity top bala vacilar apagar dar disco rígir uso puro emoção adrenalino puro,Antigravity|LOC
Sd_PpMlPmWY,UgwFQLrC5RCioqm2Bnd4AaABAg,,principal,"VSCODE COPILOT + IntelliJ com IA, concordo plenamente o que vc disse sobre Ide que a gente se sente mais segura.",0,2025-08-13T04:10:57Z,2025-08-13T04:10:57Z,Quais IDEs os engenheiros de software adoram e por quê?,"VSCODE COPILOT + IntelliJ com IA, concordo plenamente o que vc disse sobre Ide que a gente se sente mais segura.",vscode copilot intellij com ia concordo plenamente o que vc disse sobre ide que a gente se sente mais segura,0,0,0,pt,True,vscoder copilot intellij concordo dizer ide sentir seguro,VSCODE|LOC;IntelliJ|MISC;Ide|PER
Sd_PpMlPmWY,UgwGifUEDT4m2MMrLEx4AaABAg,,principal,Acostumei com Zed e sai do vscode kkkkkk ja tem tudo que preciso acho que não volto mais não,0,2025-06-10T23:52:25Z,2025-06-10T23:52:25Z,Quais IDEs os engenheiros de software adoram e por quê?,Acostumei com Zed e sai do vscode kk ja tem tudo que preciso acho que não volto mais não,acostumei com zed e sai do vscode ja tem tudo que preciso acho que não volto mais não,0,1,0,pt,True,acostumeir sair vscode preciso achar voltar,Acostumei|PER;Zed|PER;vscode kk|MISC
Sd_PpMlPmWY,Ugy5F3Iv9Yzc34Nbo594AaABAg,,principal,"uso o windsurf e te falar que pra mim esta sendo a melhor ide, integrado com roo-code fica um auto complete perfeito",0,2025-04-05T04:36:04Z,2025-04-05T04:36:04Z,Quais IDEs os engenheiros de software adoram e por quê?,"uso o windsurf e te falar que pra mim esta sendo a melhor ide, integrado com roo-code fica um auto complete perfeito",uso o windsurf e te falar que pra mim esta sendo a melhor ide integrado com roo code fica um auto complete perfeito,0,0,0,pt,True,uso windsurf falar bom ide integrar codir ficar auto complete perfeito,
Sd_PpMlPmWY,UgwPoG0DUaYtC5cFXp54AaABAg,,principal,Codeanyware é na web.,0,2025-03-14T00:28:22Z,2025-03-14T00:28:22Z,Quais IDEs os engenheiros de software adoram e por quê?,Codeanyware é na web.,codeanyware é na web,0,0,0,indefinido,True,codeanyware web,Codeanyware|LOC
Sd_PpMlPmWY,UgyLZ3rrGONq2fZr2aZ4AaABAg,,principal,"Eu gosto do vs code... descobri o copilot a pouco tempo, e assim ela gilizar bastante a vida viu. Se vc fizer uma boa descrição da sua solução ele te economiza um bom tempo de debug. Acho que o segredo é buscar modularizar o problema, quebrando em partes menores pq assim desperdiça menos tempo. Acho util (y)",0,2025-03-04T13:59:12Z,2025-03-04T13:59:12Z,Quais IDEs os engenheiros de software adoram e por quê?,"Eu gosto do vs code... descobri o copilot a pouco tempo, e assim ela gilizar bastante a vida viu. Se vc fizer uma boa descrição da sua solução ele te economiza um bom tempo de debug. Acho que o segredo é buscar modularizar o problema, quebrando em partes menores pq assim desperdiça menos tempo. Acho util (y)",eu gosto do vs code descobri o copilot a pouco tempo e assim ela gilizar bastante a vida viu se vc fizer uma boa descrição da sua solução ele te economiza um bom tempo de debug acho que o segredo é buscar modularizar o problema quebrando em partes menores pq assim desperdiça menos tempo acho util y,0,0,0,pt,True,gostar code descobrir copilot gilizar vida ver fizer descrição solução economizar achar segredo buscar modularizar problema quebrar parte pequeno desperdiçar achar util,
Sd_PpMlPmWY,Ugwr1zx0XlVEAi3iRM54AaABAg,,principal,"Estou usando o Cursor e é absurdo a quantidade de coisas que ele ajuda e facilita, vc tem sim que tomar cuidados extras com o que ele gera e com o resultado final, mas de modo geral ajuda muito na produtividade!

Eu vejo que no futuro as empresas vão inclusive incentivar e pagar para que seus funcionários utilizem ferramentas como essas, por que no fim do dia se torna um diferencial competitivo.",1,2025-02-22T14:46:57Z,2025-02-22T14:46:57Z,Quais IDEs os engenheiros de software adoram e por quê?,"Estou usando o Cursor e é absurdo a quantidade de coisas que ele ajuda e facilita, vc tem sim que tomar cuidados extras com o que ele gera e com o resultado final, mas de modo geral ajuda muito na produtividade! Eu vejo que no futuro as empresas vão inclusive incentivar e pagar para que seus funcionários utilizem ferramentas como essas, por que no fim do dia se torna um diferencial competitivo.",estou usando o cursor e é absurdo a quantidade de coisas que ele ajuda e facilita vc tem sim que tomar cuidados extras com o que ele gera e com o resultado final mas de modo geral ajuda muito na produtividade eu vejo que no futuro as empresas vão inclusive incentivar e pagar para que seus funcionários utilizem ferramentas como essas por que no fim do dia se torna um diferencial competitivo,0,0,0,pt,True,usar cursor absurdo quantidade coisa ajudar facilitar tomar cuidado extra gerar resultado modo ajudar produtividade vejo futuro empresa incentivar pagar funcionário utilizer ferramenta dia tornar diferencial competitivo,Cursor|ORG
Sd_PpMlPmWY,UgxUXSrdYtfywD2hjNZ4AaABAg,,principal,"Eu gosto mesmo é de NetBeans pai. Rejeite a modernidade, abrace a tradição!",0,2025-02-04T15:51:50Z,2025-02-04T15:51:50Z,Quais IDEs os engenheiros de software adoram e por quê?,"Eu gosto mesmo é de NetBeans pai. Rejeite a modernidade, abrace a tradição!",eu gosto mesmo é de netbeans pai rejeite a modernidade abrace a tradição,0,0,0,pt,True,gostar netbean pai rejeitar modernidade abracer tradição,NetBeans|MISC
Sd_PpMlPmWY,UgyvOImd4JIkh0Ggbf14AaABAg,,principal,Experimentei o windsurf.. UAU,0,2025-02-01T17:56:46Z,2025-02-01T17:56:46Z,Quais IDEs os engenheiros de software adoram e por quê?,Experimentei o windsurf.. UAU,experimentei o windsurf uau,0,0,0,indefinido,True,experimentar windsurf uau,UAU|MISC
Sd_PpMlPmWY,UgxMaxSqB7x48WeFCut4AaABAg,,principal,"To usa do o zed, mt bom, DANE-SE a questao do rust, ele eh limpo e leve. Case closed",2,2025-02-01T04:50:47Z,2025-02-01T04:50:47Z,Quais IDEs os engenheiros de software adoram e por quê?,"To usa do o zed, mt bom, DANE-SE a questao do rust, ele eh limpo e leve. Case closed",to usa do o zed mt bom dane se a questao do rust ele eh limpo e leve case closed,0,0,0,pt,True,dane questao rust limpo levar closed,DANE-SE|PER
Sd_PpMlPmWY,UgwXFomoGXGBFFwxbdl4AaABAg,,principal,"Nem sabia que existia outras além de inteligay, eclipiiiisss, vs code e visual studio",0,2025-01-31T19:48:03Z,2025-01-31T19:48:03Z,Quais IDEs os engenheiros de software adoram e por quê?,"Nem sabia que existia outras além de inteligay, eclipiiss, vs code e visual studio",nem sabia que existia outras além de inteligay eclipiiss vs code e visual studio,0,0,0,pt,True,saber existir inteligay eclipiiss coder visual studio,eclipiiss|ORG
Sd_PpMlPmWY,Ugzp7J_c1w_Tjl4qFGx4AaABAg,,principal,Eu só uso o neovim e o gpt no navegador mesmo,0,2025-01-31T19:35:24Z,2025-01-31T19:35:24Z,Quais IDEs os engenheiros de software adoram e por quê?,Eu só uso o neovim e o gpt no navegador mesmo,eu só uso o neovim e o gpt no navegador mesmo,0,0,0,pt,True,uso neovim gpt navegador,gpt|ORG
Sd_PpMlPmWY,Ugyd_h0t1SfX7F8UKM94AaABAg,,principal,"Usava a Geany, recentemente estou experimentando (e gostando) da Kate. 🤷‍♂",1,2025-01-31T15:53:30Z,2025-01-31T15:53:30Z,Quais IDEs os engenheiros de software adoram e por quê?,"Usava a Geany, recentemente estou experimentando (e gostando) da Kate. 🤷‍♂",usava a geany recentemente estou experimentando e gostando da kate,1,0,0,pt,True,usar geany experimentar gostar kate,Geany|LOC;Kate|ORG
Sd_PpMlPmWY,UgwMOMTFR-_9DK2ZYBB4AaABAg,,principal,"- Zed falta muita coisa ainda e eles não tem capacidade alocada para avançar num ritmo razoável. Por exemplo, falta diff, coisa básica.
- Qualquer fork de vscode é ruim pq vai sempre depender do vscode e nunca vai ter as mesma features. Dentre forks e o vscode prefiro o vscode com extensões. Tipo vscode com roocline ao invés de cursor.
- Jetbrains é mt lento bloated, difícil de configurar, pago, etc.
- Amo neovim, mas n˜åo tenho tempo para ficar corrigindo o ide. Quando me vi configurando o nvim pelo vscode caiu uma ficha haha

É foda... eu uso vscode, mas queria usar uma coisa livre das Mag7... Espero que tenham coisas novas por aí, non-forked, e boas.",0,2025-01-29T22:18:50Z,2025-01-29T22:18:50Z,Quais IDEs os engenheiros de software adoram e por quê?,"- Zed falta muita coisa ainda e eles não tem capacidade alocada para avançar num ritmo razoável. Por exemplo, falta diff, coisa básica. - Qualquer fork de vscode é ruim pq vai sempre depender do vscode e nunca vai ter as mesma features. Dentre forks e o vscode prefiro o vscode com extensões. Tipo vscode com roocline ao invés de cursor. - Jetbrains é mt lento bloated, difícil de configurar, pago, etc. - Amo neovim, mas n˜åo tenho tempo para ficar corrigindo o ide. Quando me vi configurando o nvim pelo vscode caiu uma ficha haha É foda... eu uso vscode, mas queria usar uma coisa livre das Mag7... Espero que tenham coisas novas por aí, non-forked, e boas.",zed falta muita coisa ainda e eles não tem capacidade alocada para avançar num ritmo razoável por exemplo falta diff coisa básica qualquer fork de vscode é ruim pq vai sempre depender do vscode e nunca vai ter as mesma features dentre forks e o vscode prefiro o vscode com extensões tipo vscode com roocline ao invés de cursor jetbrains é mt lento bloated difícil de configurar pago etc amo neovim mas n åo tenho tempo para ficar corrigindo o ide quando me vi configurando o nvim pelo vscode caiu uma ficha é foda eu uso vscode mas queria usar uma coisa livre das mag espero que tenham coisas novas por aí non forked e boas,0,1,0,pt,True,capacidade alocar avançar ritmo razoável diff básico fork vscode ruim depender vscode mesmo featur forks vscoder prefiro vscode extensão vscoder roocline invés cursor jetbraim lento bloated difícil configurar pagar amo neovim ficar corrigir ide ver configurar vscode cair ficha foda uso vscoder querer livre mag esperar ter coisa non forked bom,Jetbrains|LOC;Amo|PER;Mag7... Espero|MISC
Sd_PpMlPmWY,UgyrRbVu9EY174Bi9o94AaABAg,,principal,Utilizo Gemini para uso pessoal. Motivos: 1º Preço fixo em reais. 2º É uma das mais baratas. 3º Assinatura mensal sem amarras.,0,2025-01-27T20:44:00Z,2025-01-27T20:44:33Z,Quais IDEs os engenheiros de software adoram e por quê?,Utilizo Gemini para uso pessoal. Motivos: 1º Preço fixo em reais. 2º É uma das mais baratas. 3º Assinatura mensal sem amarras.,utilizo gemini para uso pessoal motivos preço fixo em reais é uma das mais baratas assinatura mensal sem amarras,0,0,0,pt,True,utilizar gemini uso pessoal motivo preço fixo real barata assinatura mensal amarra,Utilizo Gemini|MISC
Sd_PpMlPmWY,Ugzff88kwubP-qRzwEN4AaABAg,,principal,"Uso o VSCode pois a minha primeira linha de código foi feita nele, acostumei desde então, tentei trocar pro webStorm mas não deu kkkkkkkk e uso o Copilot no vscode",0,2025-01-27T00:29:28Z,2025-01-27T00:29:28Z,Quais IDEs os engenheiros de software adoram e por quê?,"Uso o VSCode pois a minha primeira linha de código foi feita nele, acostumei desde então, tentei trocar pro webStorm mas não deu kk e uso o Copilot no vscode",uso o vscode pois a minha primeira linha de código foi feita nele acostumei desde então tentei trocar pro webstorm mas não deu e uso o copilot no vscode,0,1,0,pt,True,uso vscoder linha código fazer acostumeir trocar webstorm dar uso copilot vscode,pro webStorm|MISC;Copilot|LOC
Sd_PpMlPmWY,Ugz4ydMw3tcQarHy7Kp4AaABAg,,principal,Vscode copilot é cursor não tem como excelentes,0,2025-01-24T04:45:37Z,2025-01-24T04:45:37Z,Quais IDEs os engenheiros de software adoram e por quê?,Vscode copilot é cursor não tem como excelentes,vscode copilot é cursor não tem como excelentes,0,0,0,pt,True,vscoder copilot cursor excelente,Vscode|LOC
Sd_PpMlPmWY,UgymVUysbcTZIIIF5HV4AaABAg,,principal,Tentei usar a Cursor mas não consegui acostumar... VScode melhor pra min.,0,2025-01-22T13:19:55Z,2025-01-22T13:19:55Z,Quais IDEs os engenheiros de software adoram e por quê?,Tentei usar a Cursor mas não consegui acostumar... VScode melhor pra min.,tentei usar a cursor mas não consegui acostumar vscode melhor pra min,0,0,0,pt,True,cursor conseguir acostumar vscode bom min,Cursor|PER;VScode|MISC
Sd_PpMlPmWY,UgzCfnvDfe6beSJBeYN4AaABAg,,principal,VSCode só é uma opção viável instalando as extensões do Vim e NeoVim. O mesmo posso dizer sobre o IntelliJ. Qualquer IDE que não suporte a troca do editor pelo Vim está fora do jogo,0,2025-01-21T20:37:05Z,2025-01-21T20:37:05Z,Quais IDEs os engenheiros de software adoram e por quê?,VSCode só é uma opção viável instalando as extensões do Vim e NeoVim. O mesmo posso dizer sobre o IntelliJ. Qualquer IDE que não suporte a troca do editor pelo Vim está fora do jogo,vscode só é uma opção viável instalando as extensões do vim e neovim o mesmo posso dizer sobre o intellij qualquer ide que não suporte a troca do editor pelo vim está fora do jogo,0,0,0,pt,True,vscoder opção viável instalar extensão vim neovim intellij ide suporte troca editor vim jogo,Vim|MISC;NeoVim|MISC;Qualquer IDE|MISC;Vim|MISC
Sd_PpMlPmWY,Ugy87AJXr86-q1ZQZ0Z4AaABAg,,principal,intellij pra programar em java é simplesmente absurdo,0,2025-01-20T00:31:48Z,2025-01-20T00:31:48Z,Quais IDEs os engenheiros de software adoram e por quê?,intellij pra programar em java é simplesmente absurdo,intellij pra programar em java é simplesmente absurdo,0,0,0,pt,True,intellij programar java absurdo,java|MISC
Sd_PpMlPmWY,UgxJ_gNksKHqXxV9AYp4AaABAg,,principal,Cadê o TurboC da Borland??,1,2025-01-19T22:17:04Z,2025-01-19T22:17:04Z,Quais IDEs os engenheiros de software adoram e por quê?,Cadê o TurboC da Borland??,cadê o turboc da borland,0,0,0,pt,True,cadê turboc borland,Cadê o TurboC|LOC;Borland|ORG
Sd_PpMlPmWY,UgxoaoCSdkWofk86Tch4AaABAg,,principal,"Não me vejo saindo do VSCode, e também estou avaliando desabilitar o auto complete às vezes atrapalha",1,2025-01-18T17:10:04Z,2025-01-18T17:10:04Z,Quais IDEs os engenheiros de software adoram e por quê?,"Não me vejo saindo do VSCode, e também estou avaliando desabilitar o auto complete às vezes atrapalha",não me vejo saindo do vscode e também estou avaliando desabilitar o auto complete às vezes atrapalha,0,0,0,pt,True,vejo sair vscode avaliar desabilitar auto complete atrapalhar,VSCode|MISC
Sd_PpMlPmWY,Ugwi9qNkoX1sXR0ou7J4AaABAg,,principal,"Minha opinião está fora do contexto aqui, mas prefiro POSITRON com fittencode para data science. É animal!",0,2025-01-16T16:35:19Z,2025-01-16T16:35:19Z,Quais IDEs os engenheiros de software adoram e por quê?,"Minha opinião está fora do contexto aqui, mas prefiro POSITRON com fittencode para data science. É animal!",minha opinião está fora do contexto aqui mas prefiro positron com fittencode para data science é animal,0,0,0,pt,True,opinião contexto prefiro positron fittencode data science animal,
Sd_PpMlPmWY,UgwoOewRiqYFUhMgOIB4AaABAg,,principal,Eu não sei nem fazer um CRUD direito ainda e já peri horas customizando o Neovim 😂,0,2025-01-16T16:02:50Z,2025-01-16T16:02:50Z,Quais IDEs os engenheiros de software adoram e por quê?,Eu não sei nem fazer um CRUD direito ainda e já peri horas customizando o Neovim 😂,eu não sei nem fazer um crud direito ainda e já peri horas customizando o neovim,1,0,0,pt,True,crud direito hora customizar neovim,Neovim|MISC
Sd_PpMlPmWY,UgzIlS7DbhtQPMiYbLR4AaABAg,,principal,Eu uso a IDE do VBA que vem no Excel 😅,0,2025-01-15T22:02:26Z,2025-01-15T22:02:26Z,Quais IDEs os engenheiros de software adoram e por quê?,Eu uso a IDE do VBA que vem no Excel 😅,eu uso a ide do vba que vem no excel,1,0,0,pt,True,usar ide vba excel,VBA|MISC;Excel 😅|MISC
Sd_PpMlPmWY,UgwplI8WR36YzD1KCsx4AaABAg,,principal,Uso o Visual Studio no trabalho e é muito bom. Em casa uso o VS e o VS Code para estudar algo,0,2025-01-15T12:37:20Z,2025-01-15T12:37:20Z,Quais IDEs os engenheiros de software adoram e por quê?,Uso o Visual Studio no trabalho e é muito bom. Em casa uso o VS e o VS Code para estudar algo,uso o visual studio no trabalho e é muito bom em casa uso o vs e o vs code para estudar algo,0,0,0,pt,True,uso visual studio trabalho casa uso code estudar,Visual Studio|MISC;VS Code|MISC
Sd_PpMlPmWY,Ugw9e0GaM6vUNtCWJR14AaABAg,,principal,"""Só faltava o NetBeans aqui...""

Eu na hora: 🤢🤢🤢",0,2025-01-14T15:14:47Z,2025-01-14T15:14:47Z,Quais IDEs os engenheiros de software adoram e por quê?,"""Só faltava o NetBeans aqui..."" Eu na hora: 🤢🤢🤢",só faltava o netbeans aqui eu na hora,3,0,0,ca,True,faltar netbean hora,NetBeans|MISC
Sd_PpMlPmWY,UgzeAJq006CkHUNbmcp4AaABAg,,principal,Boas. Podes falar sobre programar por Hobby? Abraço aqui de Portugal,0,2025-01-14T06:06:28Z,2025-01-14T06:06:28Z,Quais IDEs os engenheiros de software adoram e por quê?,Boas. Podes falar sobre programar por Hobby? Abraço aqui de Portugal,boas podes falar sobre programar por hobby abraço aqui de portugal,0,0,0,pt,True,bom pode falar programar hobby abraço portugal,Boas|PER;Hobby|PER;Portugal|LOC
Sd_PpMlPmWY,UgwW7RmOKGWFy2Ka5ud4AaABAg,,principal,"Para GameDev eu uso o Rider, agora pra web o VSCode mesmo kkkk",0,2025-01-14T00:17:05Z,2025-01-14T00:17:05Z,Quais IDEs os engenheiros de software adoram e por quê?,"Para GameDev eu uso o Rider, agora pra web o VSCode mesmo kk",para gamedev eu uso o rider agora pra web o vscode mesmo,0,1,0,pt,True,gamedev usar rider web vscoder,GameDev|MISC;Rider|ORG
Sd_PpMlPmWY,Ugxu2ugvcu1xShiAVqB4AaABAg,,principal,"""Não gosto de code review de humano vou lá trabalhar pra IA"" - mano eu rachei o bico kkkkkkk muito ~ban~ bom mano.

Intellij Idea para Java, VSOCDE pro resto. Infelizmente ou felizmente ambos me atendem super bem e não tenho do que reclamar... Aliás eu pesco modelos de IA da Hugging Face e rodo no Jan... (Não é muito prático, mas consigo resultados melhores de vários lugares sem estresse e sem demora)... :D",0,2025-01-13T21:22:34Z,2025-01-13T21:27:43Z,Quais IDEs os engenheiros de software adoram e por quê?,"""Não gosto de code review de humano vou lá trabalhar pra IA"" - mano eu rachei o bico kk muito ~ban~ bom mano. Intellij Idea para Java, VSOCDE pro resto. Infelizmente ou felizmente ambos me atendem super bem e não tenho do que reclamar... Aliás eu pesco modelos de IA da Hugging Face e rodo no Jan... (Não é muito prático, mas consigo resultados melhores de vários lugares sem estresse e sem demora)... :D",não gosto de code review de humano vou lá trabalhar pra ia mano eu rachei o bico muito ban bom mano intellij idea para java vsocde pro resto infelizmente ou felizmente ambos me atendem super bem e não tenho do que reclamar aliás eu pesco modelos de ia da hugging face e rodo no jan não é muito prático mas consigo resultados melhores de vários lugares sem estresse e sem demora d,0,1,0,pt,True,gostar coder review humano trabalhar rachei bico ban intellij idea jar vsocde resto atendir super reclamar pescar modelo hugging face rodo jan prático resultado bom lugar estresse demora,pra IA|MISC;Idea|LOC;Java|MISC;VSOCDE|MISC;Hugging Face|ORG;Jan...|MISC
Sd_PpMlPmWY,UgzNz5CekEwMhp6aYdt4AaABAg,,principal,"Esse ano comecei usando vim, usei doom emacs por bastante tempo e vscode, mas acho que 2025 é o ano do vim, aí escolhi usar lazyvim e adicionei copilot nele, porém pelo que percebi o copilot é mais um autocompletar do que escrever funções e classes",1,2025-01-13T19:31:12Z,2025-01-13T19:31:12Z,Quais IDEs os engenheiros de software adoram e por quê?,"Esse ano comecei usando vim, usei doom emacs por bastante tempo e vscode, mas acho que 2025 é o ano do vim, aí escolhi usar lazyvim e adicionei copilot nele, porém pelo que percebi o copilot é mais um autocompletar do que escrever funções e classes",esse ano comecei usando vim usei doom emacs por bastante tempo e vscode mas acho que é o ano do vim aí escolhi usar lazyvim e adicionei copilot nele porém pelo que percebi o copilot é mais um autocompletar do que escrever funções e classes,0,0,0,pt,True,ano começar usar vir usar doom emacs vscoder achar ano vim escolher lazyvim adicionar copilot percebi copilot autocompletar escrever função classe,
Sd_PpMlPmWY,UgzgU-t0bPS836SaP1Z4AaABAg,,principal,"Vscode e uso com o auto completar, ia fora por navegador gpt plano básico porque o 1o é mt bom mas infelizmente ta o olho da cara",0,2025-01-13T11:14:33Z,2025-01-13T11:14:33Z,Quais IDEs os engenheiros de software adoram e por quê?,"Vscode e uso com o auto completar, ia fora por navegador gpt plano básico porque o 1o é mt bom mas infelizmente ta o olho da cara",vscode e uso com o auto completar ia fora por navegador gpt plano básico porque o o é mt bom mas infelizmente ta o olho da cara,0,0,0,pt,True,vscoder uso auto completar navegador gpt plano básico olho,Vscode|LOC
Sd_PpMlPmWY,Ugwj2l0gwvoUrPvDzT54AaABAg,,principal,"Dae Lucas, difícil eu comentar pq não tenho muitas esperanças de que vc vai ler 😂 mas queria te dizer que tenho me obrigado a usar copilot chat no vscode e tenho me impressionado como isso tem aumtendado minha produtividade. Sou dev a 15 anos e como eu falei, me obriguei a usar IA no meu workflow. É possível adicionar arquivos em um contexto e ter esta funcionalidade de chat. Recomendo que você dê uma chance a usar essas funcionalidades  para poder aumentar sua perspectiva sobre AI nas IDEs.",0,2025-01-13T11:05:05Z,2025-01-13T11:05:05Z,Quais IDEs os engenheiros de software adoram e por quê?,"Dae Lucas, difícil eu comentar pq não tenho muitas esperanças de que vc vai ler 😂 mas queria te dizer que tenho me obrigado a usar copilot chat no vscode e tenho me impressionado como isso tem aumtendado minha produtividade. Sou dev a 15 anos e como eu falei, me obriguei a usar IA no meu workflow. É possível adicionar arquivos em um contexto e ter esta funcionalidade de chat. Recomendo que você dê uma chance a usar essas funcionalidades para poder aumentar sua perspectiva sobre AI nas IDEs.",dae lucas difícil eu comentar pq não tenho muitas esperanças de que vc vai ler mas queria te dizer que tenho me obrigado a usar copilot chat no vscode e tenho me impressionado como isso tem aumtendado minha produtividade sou dev a anos e como eu falei me obriguei a usar ia no meu workflow é possível adicionar arquivos em um contexto e ter esta funcionalidade de chat recomendo que você dê uma chance a usar essas funcionalidades para poder aumentar sua perspectiva sobre ai nas ides,1,0,0,pt,True,dae luco difícil comentar esperança ler querer copilot chat vscode impressionar aumtendar produtividade dev ano falar obriguei workflow adicionar arquivo contexto funcionalidade chat recomendar chance funcionalidade aumentar perspectiva ide,Dae Lucas|MISC;AI nas IDEs|MISC
Sd_PpMlPmWY,Ugx0aP7nhpoH9Ik3N-F4AaABAg,,principal,O que é moc?,0,2025-01-13T11:02:38Z,2025-01-13T11:02:38Z,Quais IDEs os engenheiros de software adoram e por quê?,O que é moc?,o que é moc,0,0,0,indefinido,True,,
Sd_PpMlPmWY,UgyEEoHMWqYMRjBn0XN4AaABAg,,principal,"Lucas, perfeito este tipo análise, na correria sem tempo para ler um POST desse, um vídeo igual o seu com crítica , analise ajuda demais, parabéns 2 x",3,2025-01-13T00:29:25Z,2025-01-13T00:29:56Z,Quais IDEs os engenheiros de software adoram e por quê?,"Lucas, perfeito este tipo análise, na correria sem tempo para ler um POST desse, um vídeo igual o seu com crítica , analise ajuda demais, parabéns 2 x",lucas perfeito este tipo análise na correria sem tempo para ler um post desse um vídeo igual o seu com crítica analise ajuda demais parabéns x,0,0,0,pt,True,luca perfeito análiser correria ler post igual crítico analise ajudar parabéns,Lucas|MISC;POST|ORG
Sd_PpMlPmWY,Ugx1McadWrVDl2DX2vZ4AaABAg,,principal,WebMatrix😅,1,2025-01-12T23:58:36Z,2025-01-12T23:58:36Z,Quais IDEs os engenheiros de software adoram e por quê?,WebMatrix😅,webmatrix,1,0,0,indefinido,True,webmatrix,WebMatrix😅|PER
Sd_PpMlPmWY,UgxhJk7FqDZ2mOLBfHl4AaABAg,,principal,"Eu uso o WindSurf, é uma ótima IDE, deviam experimentar🤞.",0,2025-01-12T23:44:34Z,2025-01-12T23:44:34Z,Quais IDEs os engenheiros de software adoram e por quê?,"Eu uso o WindSurf, é uma ótima IDE, deviam experimentar🤞.",eu uso o windsurf é uma ótima ide deviam experimentar,1,0,0,pt,True,usar windsurf ótima ide dever experimentar,WindSurf|MISC
Sd_PpMlPmWY,UgzGEiNHavhgWCMfuTt4AaABAg,,principal,vscode é uma bosta pra Python,0,2025-01-12T18:33:06Z,2025-01-12T18:33:06Z,Quais IDEs os engenheiros de software adoram e por quê?,vscode é uma bosta pra Python,vscode é uma bosta pra python,0,0,0,pt,True,vscoder bosta python,Python|MISC
Sd_PpMlPmWY,UgwXG9IM-oWc0whLYvl4AaABAg,,principal,Cade o eclipse?,0,2025-01-12T15:18:41Z,2025-01-12T15:18:41Z,Quais IDEs os engenheiros de software adoram e por quê?,Cade o eclipse?,cade o eclipse,0,0,0,indefinido,True,cade eclipse,
Sd_PpMlPmWY,Ugzm87F9ryZyMEXRFfx4AaABAg,,principal,"""IAs dentro da IDE quebram meu flow..""  FICANDO VELHO, Montano. kkkkkkk zueira",0,2025-01-12T14:49:11Z,2025-01-12T14:49:11Z,Quais IDEs os engenheiros de software adoram e por quê?,"""IAs dentro da IDE quebram meu flow.."" FICANDO VELHO, Montano. kk zueira",ias dentro da ide quebram meu flow ficando velho montano zueira,0,1,0,pt,True,ias ide quebr flow ficar velho montano zueirar,IAs|MISC;Montano|PER;kk zueira|PER
Sd_PpMlPmWY,UgyMCbIwReQXwGi6u6F4AaABAg,,principal,"cara eu aualmente uso o windsurf e cursor eu tenho gostado muito, eu assinava o cursor e assinei o windsurf para poder comparar, e fica dificil decidir qual deixar de assinar hehehehe, os dois sao muito bons.",0,2025-01-12T12:42:49Z,2025-01-12T12:42:49Z,Quais IDEs os engenheiros de software adoram e por quê?,"cara eu aualmente uso o windsurf e cursor eu tenho gostado muito, eu assinava o cursor e assinei o windsurf para poder comparar, e fica dificil decidir qual deixar de assinar hehehehe, os dois sao muito bons.",cara eu aualmente uso o windsurf e cursor eu tenho gostado muito eu assinava o cursor e assinei o windsurf para poder comparar e fica dificil decidir qual deixar de assinar os dois sao muito bons,0,1,0,pt,True,carar uso windsurf cursor gostar assinar cursor assinar windsurf comparar ficar dificil decidir deixar assinar sao bom,
Sd_PpMlPmWY,UgwbDyfT0IhGbsSkY9d4AaABAg,,principal,"Engraçado que no meu primeiro semestre do curso, uma professora enfiou goela abaixo o vi. A batucada de teclado quando o pessoal entra em um modo que não conhecia era insano kkk hoje eu uso o novo vi melhorado vulgo neovim. Mas independente da ide a forma de editar no vim é muito boa. Além do que a melhor parte é perder horas do dia, configurando ele kkk",0,2025-01-12T12:12:10Z,2025-01-12T12:12:10Z,Quais IDEs os engenheiros de software adoram e por quê?,"Engraçado que no meu primeiro semestre do curso, uma professora enfiou goela abaixo o vi. A batucada de teclado quando o pessoal entra em um modo que não conhecia era insano kk hoje eu uso o novo vi melhorado vulgo neovim. Mas independente da ide a forma de editar no vim é muito boa. Além do que a melhor parte é perder horas do dia, configurando ele kk",engraçado que no meu primeiro semestre do curso uma professora enfiou goela abaixo o vi a batucada de teclado quando o pessoal entra em um modo que não conhecia era insano hoje eu uso o novo vi melhorado vulgo neovim mas independente da ide a forma de editar no vim é muito boa além do que a melhor parte é perder horas do dia configurando ele,0,2,0,pt,True,engraçar semestre curso professora enfiar goela ver batucada teclado pessoal entrar modo conhecer insano usar ver melhorar neovim independente ide editar vim bom perder hora dia configurar,vim|MISC
Sd_PpMlPmWY,Ugx8tNqX0zWVtd1WSuF4AaABAg,,principal,Não aguento mais clicar nos vídeos do Lucas Montano do canal Lucas Montano achando que vai ser sobre um assunto x apenas mas é sobre assunto x + IA kkkkkkkkkkkkk,0,2025-01-12T04:10:53Z,2025-01-12T04:10:53Z,Quais IDEs os engenheiros de software adoram e por quê?,Não aguento mais clicar nos vídeos do Lucas Montano do canal Lucas Montano achando que vai ser sobre um assunto x apenas mas é sobre assunto x + IA kk,não aguento mais clicar nos vídeos do lucas montano do canal lucas montano achando que vai ser sobre um assunto x apenas mas é sobre assunto x ia,0,1,0,pt,True,aguentar clicar lucas montano luco montano achar assunto assunto,Lucas Montano|MISC;Lucas Montano|PER
Sd_PpMlPmWY,UgyKeXC9JRh1ij32Wj94AaABAg,,principal,Decepcionado que o Visualg com Copilot não está na lista...,5,2025-01-11T23:08:52Z,2025-01-11T23:08:52Z,Quais IDEs os engenheiros de software adoram e por quê?,Decepcionado que o Visualg com Copilot não está na lista...,decepcionado que o visualg com copilot não está na lista,0,0,0,pt,True,decepcionar visualg copilot lista,Visualg|ORG;Copilot|LOC
Sd_PpMlPmWY,UgwbbjuLq-E3JAjJ0Kx4AaABAg,,principal,"Em fim, VS Code",0,2025-01-11T22:28:41Z,2025-01-11T22:28:41Z,Quais IDEs os engenheiros de software adoram e por quê?,"Em fim, VS Code",em fim vs code,0,0,0,pt,True,coder,VS Code|MISC
Sd_PpMlPmWY,Ugy3bq8D-pjmNNoTgeh4AaABAg,,principal,"Parece o Jimmy Neutron, valeu pelo video Lucas Montano do canal Lucas Montano",0,2025-01-11T21:47:02Z,2025-01-11T21:47:02Z,Quais IDEs os engenheiros de software adoram e por quê?,"Parece o Jimmy Neutron, valeu pelo video Lucas Montano do canal Lucas Montano",parece o jimmy neutron valeu pelo video lucas montano do canal lucas montano,0,0,0,es,True,jimmy neutron valer luca montano luco montano,Jimmy Neutron|PER;Lucas Montano|PER;Lucas Montano|PER
Sd_PpMlPmWY,UgxyYVSM0c-MbPEuSr94AaABAg,,principal,Sério que vc pegou o conteúdo de outro lugar e simplesmente leu todo o trabalho de pesquisa e análise de dados no seu canal (fazendo dinheiro em cima do trabalho de outros) e sequer postou o link do trabalho original?,0,2025-01-11T19:09:13Z,2025-01-11T19:09:13Z,Quais IDEs os engenheiros de software adoram e por quê?,Sério que vc pegou o conteúdo de outro lugar e simplesmente leu todo o trabalho de pesquisa e análise de dados no seu canal (fazendo dinheiro em cima do trabalho de outros) e sequer postou o link do trabalho original?,sério que vc pegou o conteúdo de outro lugar e simplesmente leu todo o trabalho de pesquisa e análise de dados no seu canal fazendo dinheiro em cima do trabalho de outros e sequer postou o link do trabalho original,0,0,0,pt,True,sério pegar conteúdo ler trabalho pesquisa análise dado fazer dinheiro trabalho sequer postar link trabalho original,
Sd_PpMlPmWY,UgxyYVSM0c-MbPEuSr94AaABAg.ADA4l-Bb34tADVXsrOcgkA,UgxyYVSM0c-MbPEuSr94AaABAg,resposta,Kkkkkkk tá descobrindo que existe vídeo react só agora?,0,2025-01-20T03:07:45Z,2025-01-20T03:07:45Z,Quais IDEs os engenheiros de software adoram e por quê?,Kkk tá descobrindo que existe vídeo react só agora?,tá descobrindo que existe vídeo react só agora,0,1,0,es,True,descobrir existir react,
Sd_PpMlPmWY,Ugw6li1q2R4tQIV_Slp4AaABAg,,principal,Sempre usei VSCODE mas estou usando hoje o Cursor por conta de IA.,0,2025-01-11T18:51:38Z,2025-01-11T18:51:38Z,Quais IDEs os engenheiros de software adoram e por quê?,Sempre usei VSCODE mas estou usando hoje o Cursor por conta de IA.,sempre usei vscode mas estou usando hoje o cursor por conta de ia,0,0,0,pt,True,usar vscode usar cursor conta,VSCODE|LOC;Cursor|LOC
Sd_PpMlPmWY,Ugyjk3pwB0RuDxZOYyl4AaABAg,,principal,Minha pasta com blocos de códigos pré formatados é coisa do passado.😂😂😂,0,2025-01-11T18:05:15Z,2025-01-11T18:05:15Z,Quais IDEs os engenheiros de software adoram e por quê?,Minha pasta com blocos de códigos pré formatados é coisa do passado.😂😂😂,minha pasta com blocos de códigos pré formatados é coisa do passado,3,0,0,pt,True,pasta bloco código pré formatar passado,😂😂😂|PER
Sd_PpMlPmWY,UgzyaVJwZJc-xJwLloh4AaABAg,,principal,"Frescura, eu uso vim até hoje sem nada disso",0,2025-01-11T15:59:11Z,2025-01-11T15:59:11Z,Quais IDEs os engenheiros de software adoram e por quê?,"Frescura, eu uso vim até hoje sem nada disso",frescura eu uso vim até hoje sem nada disso,0,0,0,pt,True,frescura uso vir,Frescura|LOC
Sd_PpMlPmWY,UgyIbCcCUzjCIBFIKiF4AaABAg,,principal,"Uso o VS Code, gosto muito, acho que ele ainda tem muito a melhorar e não uso IA, eu sou a IA. SQN",0,2025-01-11T14:53:53Z,2025-01-11T14:53:53Z,Quais IDEs os engenheiros de software adoram e por quê?,"Uso o VS Code, gosto muito, acho que ele ainda tem muito a melhorar e não uso IA, eu sou a IA. SQN",uso o vs code gosto muito acho que ele ainda tem muito a melhorar e não uso ia eu sou a ia sqn,0,0,0,pt,True,uso coder gosto achar melhorar uso,VS Code|ORG;SQN|MISC
Sd_PpMlPmWY,Ugxbm_OL3c3lK1A41lF4AaABAg,,principal,Vscode copilot e GPT-4o,0,2025-01-11T14:39:49Z,2025-01-11T14:39:49Z,Quais IDEs os engenheiros de software adoram e por quê?,Vscode copilot e GPT-4o,vscode copilot e gpt o,0,0,0,indefinido,True,vscoder copilot gpt,Vscode|LOC
Sd_PpMlPmWY,UgwfZ46bQwZLsJJ1fdV4AaABAg,,principal,"Não acredito, fiz uma baita pesquisa sobre isso esta manhã!
Um tempo atrás eu tava pesquisando sobre Andoird/iPhone e vc lançou um vídeo e falou exatamente do tema interferindo na minha decisão.

E agora tô aqui preparando meu ambiente IDE/AI e vem este. 
Estranho.",1,2025-01-11T14:07:32Z,2025-01-11T14:07:32Z,Quais IDEs os engenheiros de software adoram e por quê?,"Não acredito, fiz uma baita pesquisa sobre isso esta manhã! Um tempo atrás eu tava pesquisando sobre Andoird/iPhone e vc lançou um vídeo e falou exatamente do tema interferindo na minha decisão. E agora tô aqui preparando meu ambiente IDE/AI e vem este. Estranho.",não acredito fiz uma baita pesquisa sobre isso esta manhã um tempo atrás eu tava pesquisando sobre andoird iphone e vc lançou um vídeo e falou exatamente do tema interferindo na minha decisão e agora tô aqui preparando meu ambiente ide ai e vem este estranho,0,0,0,pt,True,acreditar fiz baito pesquisa manhã tar pesquisar andoird iphone lançar falar tema interferir decisão preparar ambiente ide estranho,Andoird|MISC;iPhone|MISC
Sd_PpMlPmWY,UgwfZ46bQwZLsJJ1fdV4AaABAg.AD9YEQL_z8WAD9Zlm2VI_k,UgwfZ46bQwZLsJJ1fdV4AaABAg,resposta,"Isso de IDE/AI foi só hoje, uso apenas os editores simples, e agora migrando para NVIM",0,2025-01-11T14:20:58Z,2025-01-11T14:20:58Z,Quais IDEs os engenheiros de software adoram e por quê?,"Isso de IDE/AI foi só hoje, uso apenas os editores simples, e agora migrando para NVIM",isso de ide ai foi só hoje uso apenas os editores simples e agora migrando para nvim,0,0,0,pt,True,ide uso editor simples migrar nvim,NVIM|LOC
Sd_PpMlPmWY,Ugww-YS1DeDbs2YONoV4AaABAg,,principal,"A onde eu trabalho agente usava o o VSCODE e mudados para o Cursos, eu dou um 8/10 porém toda equipe reclama que ele é muito inconvenientes as vezes e ele tem TODOS os Bugs que o VsCode tem e pessoalmente eu uso o Iintellij ultimate que dispensa qualquer comentário 10/10",0,2025-01-11T13:55:51Z,2025-01-11T14:13:09Z,Quais IDEs os engenheiros de software adoram e por quê?,"A onde eu trabalho agente usava o o VSCODE e mudados para o Cursos, eu dou um 8/10 porém toda equipe reclama que ele é muito inconvenientes as vezes e ele tem TODOS os Bugs que o VsCode tem e pessoalmente eu uso o Iintellij ultimate que dispensa qualquer comentário 10/10",a onde eu trabalho agente usava o o vscode e mudados para o cursos eu dou um porém toda equipe reclama que ele é muito inconvenientes as vezes e ele tem todos os bugs que o vscode tem e pessoalmente eu uso o iintellij ultimate que dispensa qualquer comentário,0,0,0,pt,True,trabalho agente usar vscode mudar curso dar equipe reclamar inconveniente bugs vscoder usar iintellij ultimater dispensar,VSCODE|MISC;Cursos|MISC;TODOS os Bugs|MISC;VsCode|MISC;Iintellij|LOC
Sd_PpMlPmWY,Ugzylm9L-9Myp314MQV4AaABAg,,principal,Estou muito satisfeito com meu NVIM,0,2025-01-11T13:24:32Z,2025-01-11T13:24:32Z,Quais IDEs os engenheiros de software adoram e por quê?,Estou muito satisfeito com meu NVIM,estou muito satisfeito com meu nvim,0,0,0,pt,True,satisfeito,NVIM|MISC
Sd_PpMlPmWY,Ugxoqb1cygwfCHhKjjd4AaABAg,,principal,Xcode,0,2025-01-11T12:05:59Z,2025-01-11T12:05:59Z,Quais IDEs os engenheiros de software adoram e por quê?,Xcode,xcode,0,0,0,indefinido,True,xcode,
Sd_PpMlPmWY,UgwauySACwSsY1OeoFl4AaABAg,,principal,"Se nem eu sei oque eu coloquei no projeto imagina deixar uma i.a intrusiva colocar qualquer coisa lá, prefiro pegar minha duvida ir no gpt e copiar a solução dele, autocomplete atrapalha muito meu fluxo",0,2025-01-11T11:18:57Z,2025-01-11T11:19:18Z,Quais IDEs os engenheiros de software adoram e por quê?,"Se nem eu sei oque eu coloquei no projeto imagina deixar uma i.a intrusiva colocar qualquer coisa lá, prefiro pegar minha duvida ir no gpt e copiar a solução dele, autocomplete atrapalha muito meu fluxo",se nem eu sei oque eu coloquei no projeto imagina deixar uma i a intrusiva colocar qualquer coisa lá prefiro pegar minha duvida ir no gpt e copiar a solução dele autocomplete atrapalha muito meu fluxo,0,0,0,pt,True,coloquei projeto imaginar deixar intrusiva colocar prefiro duvida gpt copiar solução autocomplete atrapalhar fluxo,gpt|ORG
Sd_PpMlPmWY,UgzwKPz8OWhcksKOv2N4AaABAg,,principal,Eu sou um noia que estou agora arrebentando o Ghostty,0,2025-01-11T10:43:55Z,2025-01-11T10:43:55Z,Quais IDEs os engenheiros de software adoram e por quê?,Eu sou um noia que estou agora arrebentando o Ghostty,eu sou um noia que estou agora arrebentando o ghostty,0,0,0,pt,True,noia arrebentar ghostty,Ghostty|LOC
Sd_PpMlPmWY,UgxV_qwb0GONGq80lvV4AaABAg,,principal,eu uso joe,0,2025-01-11T03:51:51Z,2025-01-11T03:51:51Z,Quais IDEs os engenheiros de software adoram e por quê?,eu uso joe,eu uso joe,0,0,0,indefinido,True,uso joe,
Sd_PpMlPmWY,UgydBAZe9d1o18OOJ1J4AaABAg,,principal,uso arch linux com neo vim,0,2025-01-11T02:50:41Z,2025-01-11T02:50:41Z,Quais IDEs os engenheiros de software adoram e por quê?,uso arch linux com neo vim,uso arch linux com neo vim,0,0,0,indefinido,True,uso arch vir,linux|MISC
Sd_PpMlPmWY,UgyKumpBDPdwX8c97ut4AaABAg,,principal,"Cara.. Eu podia ouvir o Lucas montano, o Fábio Akita e o mano Deivin o dia inteiro....kkkkkk",0,2025-01-11T01:23:15Z,2025-01-11T01:23:15Z,Quais IDEs os engenheiros de software adoram e por quê?,"Cara.. Eu podia ouvir o Lucas montano, o Fábio Akita e o mano Deivin o dia inteiro....kk",cara eu podia ouvir o lucas montano o fábio akita e o mano deivin o dia inteiro,0,1,0,pt,True,carar ouvir luca montano fábio akita deivinr dia inteiro,Cara|LOC;Lucas|MISC;Fábio Akita|PER
Sd_PpMlPmWY,UgxB605Coa3NSFe9pn54AaABAg,,principal,Ano passado saí do VSCode para o nvim. Valeu muiito a pena!!!!,0,2025-01-11T01:07:15Z,2025-01-11T01:07:15Z,Quais IDEs os engenheiros de software adoram e por quê?,Ano passado saí do VSCode para o nvim. Valeu muiito a pena!!!!,ano passado saí do vscode para o nvim valeu muiito a pena,0,0,0,pt,True,ano passado saí vscode valeu muiito pena,VSCode|MISC
Sd_PpMlPmWY,UgxIIsJD3MzexhKytqh4AaABAg,,principal,A qualidade do trabalho depende mais do desenvolvedor do que da ferramenta.,0,2025-01-11T01:04:11Z,2025-01-11T01:04:11Z,Quais IDEs os engenheiros de software adoram e por quê?,A qualidade do trabalho depende mais do desenvolvedor do que da ferramenta.,a qualidade do trabalho depende mais do desenvolvedor do que da ferramenta,0,0,0,pt,True,qualidade trabalho depender desenvolvedor ferramenta,
Sd_PpMlPmWY,UgwtUUsrQCYlIP4bYAF4AaABAg,,principal,Vscode se destaca porque abraçou várias stacks muito bem numa tacada só. Vs code com copilot ou o cursor matam a pau.,0,2025-01-11T00:58:21Z,2025-01-11T00:58:21Z,Quais IDEs os engenheiros de software adoram e por quê?,Vscode se destaca porque abraçou várias stacks muito bem numa tacada só. Vs code com copilot ou o cursor matam a pau.,vscode se destaca porque abraçou várias stacks muito bem numa tacada só vs code com copilot ou o cursor matam a pau,0,0,0,pt,True,vscoder destacar abraçar stack tacada elvs coder copilot cursor matar pau,Vscode|LOC
Sd_PpMlPmWY,UgzWTERmiiZ4g8bPdHB4AaABAg,,principal,"Sei não, minha experiência na área é pequena ainda, mas se não for por uma coisa muito específica, eu prefiro ter o máximo de controle no que eu estou desenvolvendo.",0,2025-01-11T00:44:33Z,2025-01-11T00:44:33Z,Quais IDEs os engenheiros de software adoram e por quê?,"Sei não, minha experiência na área é pequena ainda, mas se não for por uma coisa muito específica, eu prefiro ter o máximo de controle no que eu estou desenvolvendo.",sei não minha experiência na área é pequena ainda mas se não for por uma coisa muito específica eu prefiro ter o máximo de controle no que eu estou desenvolvendo,0,0,0,pt,True,experiência pequeno específico prefirar controle desenvolver,
Sd_PpMlPmWY,UgwU6snBMCV6FT0dFeR4AaABAg,,principal,Não troco jetbrains por nada nesse mundo. Bom demais!,0,2025-01-11T00:22:54Z,2025-01-11T00:22:54Z,Quais IDEs os engenheiros de software adoram e por quê?,Não troco jetbrains por nada nesse mundo. Bom demais!,não troco jetbrains por nada nesse mundo bom demais,0,0,0,pt,True,troco jetbraim mundo,
Sd_PpMlPmWY,UgwVer6aoYdyzhLTVUx4AaABAg,,principal,turma do neovim 👇,0,2025-01-11T00:02:39Z,2025-01-11T00:04:17Z,Quais IDEs os engenheiros de software adoram e por quê?,turma do neovim 👇,turma do neovim,1,0,0,pt,True,turma neovim,turma do neovim|PER
Sd_PpMlPmWY,Ugx6ENN1RztfKQ_V3SN4AaABAg,,principal,"Quais as IDEs que as grandes empresas usam? Empresas como TOTVS, Microsoft; Oracle, SAP, Adobe, Autodesk, Siemens, Aple, Google e outros desse porte para desenvolver seus aplicativos?",0,2025-01-10T23:26:56Z,2025-01-10T23:26:56Z,Quais IDEs os engenheiros de software adoram e por quê?,"Quais as IDEs que as grandes empresas usam? Empresas como TOTVS, Microsoft; Oracle, SAP, Adobe, Autodesk, Siemens, Aple, Google e outros desse porte para desenvolver seus aplicativos?",quais as ides que as grandes empresas usam empresas como totvs microsoft oracle sap adobe autodesk siemens aple google e outros desse porte para desenvolver seus aplicativos,0,0,0,pt,True,ide empresa usar empresa totvs microsoft oracle sap adobe autodesk siemem aple google porte desenvolver aplicativo,IDEs|ORG;TOTVS|ORG;Microsoft|ORG;Oracle|MISC;SAP|MISC;Adobe|MISC;Autodesk|ORG;Siemens|ORG;Aple|ORG;Google|ORG
Sd_PpMlPmWY,Ugx6ENN1RztfKQ_V3SN4AaABAg.AD7ySdsfBILAD8BY4vVicg,Ugx6ENN1RztfKQ_V3SN4AaABAg,resposta,"A que o DEV quiser, dentro das permitidas pela equipe de segurança",0,2025-01-11T01:30:00Z,2025-01-11T01:30:00Z,Quais IDEs os engenheiros de software adoram e por quê?,"A que o DEV quiser, dentro das permitidas pela equipe de segurança",a que o dev quiser dentro das permitidas pela equipe de segurança,0,0,0,pt,True,dev querer permitir equipe segurança,DEV|ORG
Sd_PpMlPmWY,UgzX2-kJl14o8QEV5Z14AaABAg,,principal,"Estou sofrendo tendo que compilar a cada update no Zed, mas tenho que falar que a performance dele está fantastica",1,2025-01-10T22:50:32Z,2025-01-10T22:51:34Z,Quais IDEs os engenheiros de software adoram e por quê?,"Estou sofrendo tendo que compilar a cada update no Zed, mas tenho que falar que a performance dele está fantastica",estou sofrendo tendo que compilar a cada update no zed mas tenho que falar que a performance dele está fantastica,0,0,0,pt,True,sofrer ter compilar update falar performance fantastico,Zed|MISC
Sd_PpMlPmWY,UgxWKP31wpWBOrDkAjJ4AaABAg,,principal,"Uso VScode mas desativo tudo sobre IA. Gosto de quebrar a cabeça pensando na logica, nome para funcoes e variaveis e outras etapas do desenvolvimento. Só uso IA para aprender mesmo, nada de colar problema, copiar e pronto. Se tem erro eu começo perguntando ""o que é, onde surgiu, pra que serve"", depois peço exemplos, estudo, e tento resolver o problema, se eu nao resolver ai sim vou para o que 99% dos devs fazem hoje ""como..., meu app ta com esse err, etc"". Meu desenvolvimento nao é rapido, a equipe aqui mesmo fala, porém... é o melhor, NUNCA travou em testes, quase nunca volta para correcao, e por focar em estudar sou o mais novo da equipe porem o responsavel por tirar duvida de TODA equipe. Parece que a galera la, travou, ninguem se atualiza, ta tenso essas IAs.",2,2025-01-10T22:33:56Z,2025-01-10T22:33:56Z,Quais IDEs os engenheiros de software adoram e por quê?,"Uso VScode mas desativo tudo sobre IA. Gosto de quebrar a cabeça pensando na logica, nome para funcoes e variaveis e outras etapas do desenvolvimento. Só uso IA para aprender mesmo, nada de colar problema, copiar e pronto. Se tem erro eu começo perguntando ""o que é, onde surgiu, pra que serve"", depois peço exemplos, estudo, e tento resolver o problema, se eu nao resolver ai sim vou para o que 99% dos devs fazem hoje ""como..., meu app ta com esse err, etc"". Meu desenvolvimento nao é rapido, a equipe aqui mesmo fala, porém... é o melhor, NUNCA travou em testes, quase nunca volta para correcao, e por focar em estudar sou o mais novo da equipe porem o responsavel por tirar duvida de TODA equipe. Parece que a galera la, travou, ninguem se atualiza, ta tenso essas IAs.",uso vscode mas desativo tudo sobre ia gosto de quebrar a cabeça pensando na logica nome para funcoes e variaveis e outras etapas do desenvolvimento só uso ia para aprender mesmo nada de colar problema copiar e pronto se tem erro eu começo perguntando o que é onde surgiu pra que serve depois peço exemplos estudo e tento resolver o problema se eu nao resolver ai sim vou para o que dos devs fazem hoje como meu app ta com esse err etc meu desenvolvimento nao é rapido a equipe aqui mesmo fala porém é o melhor nunca travou em testes quase nunca volta para correcao e por focar em estudar sou o mais novo da equipe porem o responsavel por tirar duvida de toda equipe parece que a galera la travou ninguem se atualiza ta tenso essas ias,0,0,0,pt,True,uso vscoder desativo gostar quebrar cabeça pensar logica nome funcoe variavel etapa desenvolvimento uso aprender colar problema copiar pronto erro começar perguntar surgir servir peçar exemplo estudo tentar resolver problema nao resolver devs app err desenvolvimento rapir equipe falar bom travar teste voltar correcao focar estudar equipe por responsavel tirar duver equipe galera travar atualizar tenso,IAs|MISC
Sd_PpMlPmWY,Ugx8FMA-iO1hfxv7Gth4AaABAg,,principal,Windsurf é muito bom!!,1,2025-01-10T22:08:36Z,2025-01-10T22:08:36Z,Quais IDEs os engenheiros de software adoram e por quê?,Windsurf é muito bom!!,windsurf é muito bom,0,0,0,pt,True,windsurf,Windsurf|LOC
Sd_PpMlPmWY,UgwJRuJl51wKku6gT5t4AaABAg,,principal,Neovim é viciante.,0,2025-01-10T22:06:08Z,2025-01-10T22:06:08Z,Quais IDEs os engenheiros de software adoram e por quê?,Neovim é viciante.,neovim é viciante,0,0,0,indefinido,True,neovim viciante,Neovim|LOC
Sd_PpMlPmWY,UgxgqZyCMvBAn1Xivgl4AaABAg,,principal,Sinto falta do Emacs.,1,2025-01-10T21:59:30Z,2025-01-10T21:59:30Z,Quais IDEs os engenheiros de software adoram e por quê?,Sinto falta do Emacs.,sinto falta do emacs,0,0,0,pt,True,sinto emacs,Emacs|MISC
Sd_PpMlPmWY,UgxJiVI22VWq6Zw3TK14AaABAg,,principal,"Não  adianta falar para rapaziada que digitar com 10 dedos é melhor que catar milho , o mesmo se aplica IDE , brasileiro  gosta de gambiarra  , faz parte da cultura e também  da criatividade e alguns casos da falta de qualidade de trabalho  q fazemos",0,2025-01-10T21:49:28Z,2025-01-10T21:49:28Z,Quais IDEs os engenheiros de software adoram e por quê?,"Não adianta falar para rapaziada que digitar com 10 dedos é melhor que catar milho , o mesmo se aplica IDE , brasileiro gosta de gambiarra , faz parte da cultura e também da criatividade e alguns casos da falta de qualidade de trabalho q fazemos",não adianta falar para rapaziada que digitar com dedos é melhor que catar milho o mesmo se aplica ide brasileiro gosta de gambiarra faz parte da cultura e também da criatividade e alguns casos da falta de qualidade de trabalho q fazemos,0,0,0,pt,True,adiantar falar rapaziada digitar dedo bom catar milho aplicar ide brasileiro gostar gambiarra cultura criatividade caso qualidade trabalho,
Sd_PpMlPmWY,UgxJiVI22VWq6Zw3TK14AaABAg.AD7nIrXcDMKAD85aj8gFA8,UgxJiVI22VWq6Zw3TK14AaABAg,resposta,O que seria um ide gambiarra?,0,2025-01-11T00:38:04Z,2025-01-11T00:38:04Z,Quais IDEs os engenheiros de software adoram e por quê?,O que seria um ide gambiarra?,o que seria um ide gambiarra,0,0,0,pt,True,ide gambiarra,
Sd_PpMlPmWY,UgzrIuOQzQY7poFF36l4AaABAg,,principal,Neovim ... gosto de customização  dos atalhos do teclado e o complete do neovim me ajudou muito a melhorar meu conhecimento  da linguagem e a minha produtividade,0,2025-01-10T21:34:35Z,2025-01-10T21:34:35Z,Quais IDEs os engenheiros de software adoram e por quê?,Neovim ... gosto de customização dos atalhos do teclado e o complete do neovim me ajudou muito a melhorar meu conhecimento da linguagem e a minha produtividade,neovim gosto de customização dos atalhos do teclado e o complete do neovim me ajudou muito a melhorar meu conhecimento da linguagem e a minha produtividade,0,0,0,pt,True,neovim gosto customização atalho teclado complete neovim ajudar melhorar conhecimento linguagem produtividade,
Sd_PpMlPmWY,UgxbwSwTiaETv6LOwrR4AaABAg,,principal,man vc precisa tirar uns  dias e dormir  bem....  suas pupilas e está  demonstrando isso.... mas sobre ta  top,0,2025-01-10T21:14:05Z,2025-01-10T21:14:05Z,Quais IDEs os engenheiros de software adoram e por quê?,man vc precisa tirar uns dias e dormir bem.... suas pupilas e está demonstrando isso.... mas sobre ta top,man vc precisa tirar uns dias e dormir bem suas pupilas e está demonstrando isso mas sobre ta top,0,0,0,pt,True,man precisar tirar dia dormir pupila demonstrar top,man vc|PER
Sd_PpMlPmWY,UgznK-KqwPQfnKPTyWB4AaABAg,,principal,"No Windows eu uso o bloco de notas.
No Linux eu uso o vi.

Ironia😂😂😂.

Eu uso o Qt creator para C e C++ e o visual Studio Community para dotnet.
VScode para python.
Toad for Oracle para PL/SQL.
Notepad++ para pequenas modificações.
...",1,2025-01-10T20:44:29Z,2025-01-10T20:44:29Z,Quais IDEs os engenheiros de software adoram e por quê?,No Windows eu uso o bloco de notas. No Linux eu uso o vi. Ironia😂😂😂. Eu uso o Qt creator para C e C++ e o visual Studio Community para dotnet. VScode para python. Toad for Oracle para PL/SQL. Notepad++ para pequenas modificações. ...,no windows eu uso o bloco de notas no linux eu uso o vi ironia eu uso o qt creator para c e c e o visual studio community para dotnet vscode para python toad for oracle para pl sql notepad para pequenas modificações,3,0,0,pt,True,windows usar bloco nota linux usar ver ironia usar creator visual studio ce ommunity dotnet vscoder python toad oracle sql notepad pequeno modificação,Windows|MISC;Linux|MISC;Ironia|PER;C++|MISC;Studio Community|LOC;Oracle|MISC;SQL|MISC
Sd_PpMlPmWY,UgzNM-YfKCS9lbz35Il4AaABAg,,principal,minha IA é o chat gpt da web mesmo minha ide ta só o pó kkkkkkkk,1,2025-01-10T20:26:27Z,2025-01-10T20:26:27Z,Quais IDEs os engenheiros de software adoram e por quê?,minha IA é o chat gpt da web mesmo minha ide ta só o pó kk,minha ia é o chat gpt da web mesmo minha ide ta só o pó,0,1,0,pt,True,chat gpt web ide,minha IA|MISC
Sd_PpMlPmWY,UgzOsetvOuucyITJlqN4AaABAg,,principal,Eu consegui substituir o VSCode pelo Zed e tá sendo um trade off muito bom. Eles melhoraram e continuam melhorando muito o editor!,3,2025-01-10T20:25:30Z,2025-01-10T20:25:30Z,Quais IDEs os engenheiros de software adoram e por quê?,Eu consegui substituir o VSCode pelo Zed e tá sendo um trade off muito bom. Eles melhoraram e continuam melhorando muito o editor!,eu consegui substituir o vscode pelo zed e tá sendo um trade off muito bom eles melhoraram e continuam melhorando muito o editor,0,0,0,pt,True,conseguir substituir vscode trade off melhorar continuar melhorar editor,Zed|MISC
Sd_PpMlPmWY,UgzOsetvOuucyITJlqN4AaABAg.AD7dgq8W5MeADEaGVtc8AM,UgzOsetvOuucyITJlqN4AaABAg,resposta,"Zed parece mt bom, mas ainda não saiu para Windows e não quero ficar compilando toda hora que sair update",0,2025-01-13T13:10:14Z,2025-01-13T13:10:14Z,Quais IDEs os engenheiros de software adoram e por quê?,"Zed parece mt bom, mas ainda não saiu para Windows e não quero ficar compilando toda hora que sair update",zed parece mt bom mas ainda não saiu para windows e não quero ficar compilando toda hora que sair update,0,0,0,pt,True,sair windows ficar compilar hora sair update,Windows|MISC
Sd_PpMlPmWY,UgzMC-mXmHf7qmWfEH54AaABAg,,principal,"Vi, não precisa nem mandar um apt-get, não tem frescura, os shortcuts são um tesão. Não é questão de ser underground ou geek, é questão de praticidade mesmo.
Mas se for fazer um app do zero, eu uso o vscode. Se for java, uso o elipse.

ps: obrigado por não ter citado o nano.",3,2025-01-10T20:00:21Z,2025-01-10T20:00:21Z,Quais IDEs os engenheiros de software adoram e por quê?,"Vi, não precisa nem mandar um apt-get, não tem frescura, os shortcuts são um tesão. Não é questão de ser underground ou geek, é questão de praticidade mesmo. Mas se for fazer um app do zero, eu uso o vscode. Se for java, uso o elipse. ps: obrigado por não ter citado o nano.",vi não precisa nem mandar um apt get não tem frescura os shortcuts são um tesão não é questão de ser underground ou geek é questão de praticidade mesmo mas se for fazer um app do zero eu uso o vscode se for java uso o elipse ps obrigado por não ter citado o nano,0,0,0,pt,True,ver precisar mandar apt get frescura shortcuts tesão underground geek praticidade app usar jar uso elipse citar nano,
Sd_PpMlPmWY,UgzMC-mXmHf7qmWfEH54AaABAg.AD7aodAcD15AD7n_eVJfQI,UgzMC-mXmHf7qmWfEH54AaABAg,resposta,nano é muito mais prático pra alterações rápidas pelo terminal,1,2025-01-10T21:51:54Z,2025-01-10T21:51:54Z,Quais IDEs os engenheiros de software adoram e por quê?,nano é muito mais prático pra alterações rápidas pelo terminal,nano é muito mais prático pra alterações rápidas pelo terminal,0,0,0,pt,True,nano prático alteração rápir terminal,
Sd_PpMlPmWY,UgzMC-mXmHf7qmWfEH54AaABAg.AD7aodAcD15AD7oj3uWDxH,UgzMC-mXmHf7qmWfEH54AaABAg,resposta,"@guim55 NUNCA! Dica de ninja: Faz uma colinha dos shotcuts do vi e cola do lado do monitor. Quando vc se habituar, vai até embrulhar o seu estômago quando ver alguém digitando nano no terminal. E não é por frescura, é por eficiência mesmo.",0,2025-01-10T22:01:55Z,2025-01-10T22:01:55Z,Quais IDEs os engenheiros de software adoram e por quê?,"NUNCA! Dica de ninja: Faz uma colinha dos shotcuts do vi e cola do lado do monitor. Quando vc se habituar, vai até embrulhar o seu estômago quando ver alguém digitando nano no terminal. E não é por frescura, é por eficiência mesmo.",nunca dica de ninja faz uma colinha dos shotcuts do vi e cola do lado do monitor quando vc se habituar vai até embrulhar o seu estômago quando ver alguém digitando nano no terminal e não é por frescura é por eficiência mesmo,0,0,0,pt,True,dico ninja colinha shotcuts ver cola monitor habituar embrulhar estômago digitar nano terminal frescura eficiência,shotcuts do vi|LOC
Sd_PpMlPmWY,UgzMC-mXmHf7qmWfEH54AaABAg.AD7aodAcD15AD8AzzbNyj3,UgzMC-mXmHf7qmWfEH54AaABAg,resposta,@qualeaarte889 eu fico exatamente assim quando vejo alguem usando nano kkkkk,0,2025-01-11T01:25:13Z,2025-01-11T01:25:13Z,Quais IDEs os engenheiros de software adoram e por quê?,eu fico exatamente assim quando vejo alguem usando nano kk,eu fico exatamente assim quando vejo alguem usando nano,0,1,0,pt,True,fico vejo alguir usar nano,
Sd_PpMlPmWY,UgxfJYQLApIHKK0jOP94AaABAg,,principal,"Tentei usar outras, tentei o Vscode, mas a JetBrains faz um excelente tabalho..",0,2025-01-10T19:57:53Z,2025-01-10T19:57:53Z,Quais IDEs os engenheiros de software adoram e por quê?,"Tentei usar outras, tentei o Vscode, mas a JetBrains faz um excelente tabalho..",tentei usar outras tentei o vscode mas a jetbrains faz um excelente tabalho,0,0,0,pt,True,vscode jetbraim excelente tabalho,Vscode|MISC;JetBrains|LOC
Sd_PpMlPmWY,Ugx7wnZhoF4a3yqRFEt4AaABAg,,principal,"windsurf e ótimo!! 
estou usando ele",0,2025-01-10T19:55:06Z,2025-01-10T19:55:06Z,Quais IDEs os engenheiros de software adoram e por quê?,windsurf e ótimo!! estou usando ele,windsurf e ótimo estou usando ele,0,0,0,pt,True,windsurf bom usar,windsurf|MISC
Sd_PpMlPmWY,Ugz5UbZCjzeC9QAFyIp4AaABAg,,principal,"eu uso neovim pq é rapido e o vim motions ajudam demais. Mas tem muito dev foda onde trabalho que usa vscode, teclado de membrana e entrega mais que eu. Nao é a ferramenta, é o dev.",1,2025-01-10T19:50:18Z,2025-01-10T19:57:03Z,Quais IDEs os engenheiros de software adoram e por quê?,"eu uso neovim pq é rapido e o vim motions ajudam demais. Mas tem muito dev foda onde trabalho que usa vscode, teclado de membrana e entrega mais que eu. Nao é a ferramenta, é o dev.",eu uso neovim pq é rapido e o vim motions ajudam demais mas tem muito dev foda onde trabalho que usa vscode teclado de membrana e entrega mais que eu nao é a ferramenta é o dev,0,0,0,pt,True,usar neovim rapir vir motiom ajudar foda trabalho vscoder teclado membrana entregar nao ferramenta,Nao|MISC
Sd_PpMlPmWY,UgztyW9wyS1RkgRF_nl4AaABAg,,principal,Lucas Montano,0,2025-01-10T19:17:02Z,2025-01-10T19:17:02Z,Quais IDEs os engenheiros de software adoram e por quê?,Lucas Montano,lucas montano,0,0,0,indefinido,True,luca montano,Lucas Montano|PER
Sd_PpMlPmWY,UgypmMbQvvkEunCo5-p4AaABAg,,principal,Aqui no banco que trabalho é vscode puro... nem extensões podemos instalar... que dirá um copilot  =(,0,2025-01-10T19:16:08Z,2025-01-10T19:16:08Z,Quais IDEs os engenheiros de software adoram e por quê?,Aqui no banco que trabalho é vscode puro... nem extensões podemos instalar... que dirá um copilot =(,aqui no banco que trabalho é vscode puro nem extensões podemos instalar que dirá um copilot,0,0,0,pt,True,banco trabalho vscoder puro extensão poder instalar dir copilot,
Sd_PpMlPmWY,UgzLLkQJL4_MtDfcCPF4AaABAg,,principal,Totalmente errado o Sublime Text não estar nessa lista.,0,2025-01-10T18:43:11Z,2025-01-10T18:43:11Z,Quais IDEs os engenheiros de software adoram e por quê?,Totalmente errado o Sublime Text não estar nessa lista.,totalmente errado o sublime text não estar nessa lista,0,0,0,pt,True,errar sublime text lista,Sublime Text|ORG
Sd_PpMlPmWY,UgzLLkQJL4_MtDfcCPF4AaABAg.AD7SzUY4LWEAD86cPNSmuj,UgzLLkQJL4_MtDfcCPF4AaABAg,resposta,"meuamigo, sublime morreu há uns 7 anos e só eu e você não aceitamos aspokpasokaspk",0,2025-01-11T00:47:02Z,2025-01-11T00:47:02Z,Quais IDEs os engenheiros de software adoram e por quê?,"meuamigo, sublime morreu há uns 7 anos e só eu e você não aceitamos aspokpasokaspk",meuamigo sublime morreu há uns anos e só eu e você não aceitamos aspokpasokaspk,0,0,0,pt,True,meuamigo sublime morrer haver ano aceitamos aspokpasokaspk,
Sd_PpMlPmWY,UgzA2hK9Y7aRDDQlBkB4AaABAg,,principal,meu intelijj ❤‍🔥,1,2025-01-10T18:39:25Z,2025-01-10T18:39:25Z,Quais IDEs os engenheiros de software adoram e por quê?,meu intelijj ❤‍🔥,meu intelijj,1,0,0,indefinido,True,intelijj,
Sd_PpMlPmWY,UgywKkdDZDZ7S3o2DoV4AaABAg,,principal,"aprendi a programar no pluma, toda vez que vou abrir o vscode agradeço po n ter que digitar toda a head do HTML na mão",0,2025-01-10T18:36:14Z,2025-01-10T18:36:34Z,Quais IDEs os engenheiros de software adoram e por quê?,"aprendi a programar no pluma, toda vez que vou abrir o vscode agradeço po n ter que digitar toda a head do HTML na mão",aprendi a programar no pluma toda vez que vou abrir o vscode agradeço po n ter que digitar toda a head do html na mão,0,0,0,pt,True,aprender programar pluma abrir vscode agradeço digitar head html mão,HTML|MISC
Sd_PpMlPmWY,UgwfFAH-N8PXkaU8yfR4AaABAg,,principal,cursor pro 100% não olho mais pra vscode com copilot,0,2025-01-10T18:30:08Z,2025-01-10T18:30:08Z,Quais IDEs os engenheiros de software adoram e por quê?,cursor pro 100% não olho mais pra vscode com copilot,cursor pro não olho mais pra vscode com copilot,0,0,0,pt,True,cursor olho vscode copilot,
Sd_PpMlPmWY,Ugx1Aq3hSVMrb_8Ouyx4AaABAg,,principal,"Atom foi esquecida pelos devs, usava muito em 2017 kkkkk",2,2025-01-10T18:28:21Z,2025-01-10T18:28:21Z,Quais IDEs os engenheiros de software adoram e por quê?,"Atom foi esquecida pelos devs, usava muito em 2017 kk",atom foi esquecida pelos devs usava muito em,0,1,0,pt,True,atom esquecer devs usar,Atom|MISC
Sd_PpMlPmWY,Ugx1Aq3hSVMrb_8Ouyx4AaABAg.AD7RHmTVeYHADBiYo8TqWd,Ugx1Aq3hSVMrb_8Ouyx4AaABAg,resposta,"Ele não foi esquecido foi descontinuado pelo Microsoft quando ela comprou o Github, para favorece o vscode, mas pode usar o Zed que do mesmo criador",2,2025-01-12T10:24:55Z,2025-01-12T10:24:55Z,Quais IDEs os engenheiros de software adoram e por quê?,"Ele não foi esquecido foi descontinuado pelo Microsoft quando ela comprou o Github, para favorece o vscode, mas pode usar o Zed que do mesmo criador",ele não foi esquecido foi descontinuado pelo microsoft quando ela comprou o github para favorece o vscode mas pode usar o zed que do mesmo criador,0,0,0,pt,True,esquecer descontinuar microsoft comprar github favorecer vscode criador,Microsoft|ORG;Github|MISC;Zed|MISC
Sd_PpMlPmWY,Ugx1eIABisAv5eH8vHV4AaABAg,,principal,"Bora de VS Code !
Sou iniciante e vou começar um curso técnico na área de informática. 
Tenho praticado algoritmos usando sempre o Visual Studio Code como IDE junto com o Copilot para gerar os exercícios pra mim. Estou aprendendo um pouco de Python embora eu ainda acredite que no meu curso eles utilizarão a linguagem Java. No entanto, pelo menos a parte de lógica de programação estará mais aprimorada até o início do curso, eu espero ! 
Creio que aprender Python também pode ser útil de qualquer forma !",5,2025-01-10T18:25:05Z,2025-01-10T18:25:52Z,Quais IDEs os engenheiros de software adoram e por quê?,"Bora de VS Code ! Sou iniciante e vou começar um curso técnico na área de informática. Tenho praticado algoritmos usando sempre o Visual Studio Code como IDE junto com o Copilot para gerar os exercícios pra mim. Estou aprendendo um pouco de Python embora eu ainda acredite que no meu curso eles utilizarão a linguagem Java. No entanto, pelo menos a parte de lógica de programação estará mais aprimorada até o início do curso, eu espero ! Creio que aprender Python também pode ser útil de qualquer forma !",bora de vs code sou iniciante e vou começar um curso técnico na área de informática tenho praticado algoritmos usando sempre o visual studio code como ide junto com o copilot para gerar os exercícios pra mim estou aprendendo um pouco de python embora eu ainda acredite que no meu curso eles utilizarão a linguagem java no entanto pelo menos a parte de lógica de programação estará mais aprimorada até o início do curso eu espero creio que aprender python também pode ser útil de qualquer forma,0,0,0,pt,True,bor coder iniciante começar curso técnico informática praticar algoritmos usar visual studio coder ide copilot gerar exercício aprender python acreditar curso utilizar linguagem jar entanto lógica programação aprimorar início curso esperar crer aprender python útil,Bora de VS Code|PER;Visual Studio Code|MISC;Copilot|LOC;Python|MISC;linguagem Java|MISC;Python|MISC
Sd_PpMlPmWY,UgyK3kwXl04R2uNeuLN4AaABAg,,principal,"O cara do Tabnine criou o supermaven (o que uso atualmente) e é o que achei mais eficiente, pois ele aprende como eu quero que ele autocomplete.",0,2025-01-10T18:08:53Z,2025-01-10T18:08:53Z,Quais IDEs os engenheiros de software adoram e por quê?,"O cara do Tabnine criou o supermaven (o que uso atualmente) e é o que achei mais eficiente, pois ele aprende como eu quero que ele autocomplete.",o cara do tabnine criou o supermaven o que uso atualmente e é o que achei mais eficiente pois ele aprende como eu quero que ele autocomplete,0,0,0,pt,True,tabnine criar supermaven uso achar eficiente aprender autocompleter,Tabnine|ORG
Sd_PpMlPmWY,UgwVFzfRsLlMU-StT1p4AaABAg,,principal,"Recente sai do VSCode e migrei para o Goland da JetBrains, achei mas completo para Go",1,2025-01-10T18:02:00Z,2025-01-10T18:02:00Z,Quais IDEs os engenheiros de software adoram e por quê?,"Recente sai do VSCode e migrei para o Goland da JetBrains, achei mas completo para Go",recente sai do vscode e migrei para o goland da jetbrains achei mas completo para go,0,0,0,pt,True,recente sair vscode migrar goland jetbraim achar completo,VSCode|MISC;Goland da JetBrains|LOC
Sd_PpMlPmWY,UgwVFzfRsLlMU-StT1p4AaABAg.AD7OGqgYF_tAD7ag4T6slJ,UgwVFzfRsLlMU-StT1p4AaABAg,resposta,"A JetBrains é muito compotente mesmo. Já usei PyCharm, Rider e são muito bons tb. Pessoal do php elogia muito o PhpStorm. 
Entretanto, eu acabo passando mais tempo no VS Code (na verdade o Cursor AI atualmente) por ser mais agnóstico.",0,2025-01-10T19:59:11Z,2025-01-10T19:59:11Z,Quais IDEs os engenheiros de software adoram e por quê?,"A JetBrains é muito compotente mesmo. Já usei PyCharm, Rider e são muito bons tb. Pessoal do php elogia muito o PhpStorm. Entretanto, eu acabo passando mais tempo no VS Code (na verdade o Cursor AI atualmente) por ser mais agnóstico.",a jetbrains é muito compotente mesmo já usei pycharm rider e são muito bons tb pessoal do php elogia muito o phpstorm entretanto eu acabo passando mais tempo no vs code na verdade o cursor ai atualmente por ser mais agnóstico,0,0,0,pt,True,jetbraim usar pycharm rider bom pessoal php elogia phpstorm acabo passar code verdade cursor agnóstico,JetBrains|LOC;Rider|LOC;Pessoal|LOC;PhpStorm|MISC;VS Code|MISC;Cursor AI|MISC
Sd_PpMlPmWY,UgwgpEB390lWnUsmayV4AaABAg,,principal,Cursor  + Goland + IntellIj,0,2025-01-10T17:41:33Z,2025-01-10T17:41:33Z,Quais IDEs os engenheiros de software adoram e por quê?,Cursor + Goland + IntellIj,cursor goland intellij,0,0,0,en,True,cursor goland intellij,
Sd_PpMlPmWY,UgxCQP69ibTJR7_DPEl4AaABAg,,principal,Windsurf pra mim é muito melhor que cursor,0,2025-01-10T17:31:44Z,2025-01-10T17:31:44Z,Quais IDEs os engenheiros de software adoram e por quê?,Windsurf pra mim é muito melhor que cursor,windsurf pra mim é muito melhor que cursor,0,0,0,pt,True,windsurf bom cursor,Windsurf|PER
Sd_PpMlPmWY,UgzqO_pE4CuEK-frZ054AaABAg,,principal,"Atualmente eu uso NVIM, eu comecei a usar a um tempo por conta da ergonomia (desculpa para comprar um teclado split), outro motivo é que eu gosto bastante de terminal, só isso mesmo",21,2025-01-10T17:20:45Z,2025-01-10T17:20:45Z,Quais IDEs os engenheiros de software adoram e por quê?,"Atualmente eu uso NVIM, eu comecei a usar a um tempo por conta da ergonomia (desculpa para comprar um teclado split), outro motivo é que eu gosto bastante de terminal, só isso mesmo",atualmente eu uso nvim eu comecei a usar a um tempo por conta da ergonomia desculpa para comprar um teclado split outro motivo é que eu gosto bastante de terminal só isso mesmo,0,0,0,pt,True,usar começar conta ergonomia desculpo comprar teclado splitr motivo gostar terminal,
Sd_PpMlPmWY,UgzqO_pE4CuEK-frZ054AaABAg.AD7JYdjSoQRAD_UPP2YK_h,UgzqO_pE4CuEK-frZ054AaABAg,resposta,"tu geralmente usa o nvim para quais fins? uso corporativo, pessoal, alguma linguagem em específico...?",1,2025-01-22T01:13:35Z,2025-01-22T01:13:35Z,Quais IDEs os engenheiros de software adoram e por quê?,"tu geralmente usa o nvim para quais fins? uso corporativo, pessoal, alguma linguagem em específico...?",tu geralmente usa o nvim para quais fins uso corporativo pessoal alguma linguagem em específico,0,0,0,pt,True,fim uso corporativo pessoal linguagem específico,
Sd_PpMlPmWY,UgzqO_pE4CuEK-frZ054AaABAg.AD7JYdjSoQRADaK1r8Evq-,UgzqO_pE4CuEK-frZ054AaABAg,resposta,"@lorenzopandolfo5358  é minha ide, uso pra desenvolver código",0,2025-01-22T09:02:13Z,2025-01-22T09:02:13Z,Quais IDEs os engenheiros de software adoram e por quê?,"é minha ide, uso pra desenvolver código",é minha ide uso pra desenvolver código,0,0,0,pt,True,ide uso desenvolver código,
Sd_PpMlPmWY,UgzqO_pE4CuEK-frZ054AaABAg.AD7JYdjSoQRAE8I10PLGCI,UgzqO_pE4CuEK-frZ054AaABAg,resposta,"Eu amo vim, mas configurar é uma merda.",1,2025-02-04T22:58:03Z,2025-02-04T22:58:03Z,Quais IDEs os engenheiros de software adoram e por quê?,"Eu amo vim, mas configurar é uma merda.",eu amo vim mas configurar é uma merda,0,0,0,pt,True,amar vir configurar merda,
Sd_PpMlPmWY,UgzqO_pE4CuEK-frZ054AaABAg.AD7JYdjSoQRAEA8WWFqLmt,UgzqO_pE4CuEK-frZ054AaABAg,resposta,"@jeff-erson eu sinto que o vim é mais usado em linguagens como C, Go e em casos de uso mais pessoal, projetos próprios...

eu não me vejo trabalhando com Java e usando o vim, pra mim é impossível.

Então quando as pessoas falam que vim dá um ganho de produtividade, acho que depende muito do caso de uso, linguagem e sem falar que tem uma grande curva de aprendizado.

também sinto que as pessoas que usam vim sentem a necessidade de exibir isso para os outros, como se ele fosse superior a uma IDE. Beleza, tu usa vim, mas o que tu programa de fato?

agora editar arquivos de configurações pelo terminal, por exemplo, o vim pra mim é ótimo!",1,2025-02-05T16:13:27Z,2025-02-05T16:13:27Z,Quais IDEs os engenheiros de software adoram e por quê?,"eu sinto que o vim é mais usado em linguagens como C, Go e em casos de uso mais pessoal, projetos próprios... eu não me vejo trabalhando com Java e usando o vim, pra mim é impossível. Então quando as pessoas falam que vim dá um ganho de produtividade, acho que depende muito do caso de uso, linguagem e sem falar que tem uma grande curva de aprendizado. também sinto que as pessoas que usam vim sentem a necessidade de exibir isso para os outros, como se ele fosse superior a uma IDE. Beleza, tu usa vim, mas o que tu programa de fato? agora editar arquivos de configurações pelo terminal, por exemplo, o vim pra mim é ótimo!",eu sinto que o vim é mais usado em linguagens como c go e em casos de uso mais pessoal projetos próprios eu não me vejo trabalhando com java e usando o vim pra mim é impossível então quando as pessoas falam que vim dá um ganho de produtividade acho que depende muito do caso de uso linguagem e sem falar que tem uma grande curva de aprendizado também sinto que as pessoas que usam vim sentem a necessidade de exibir isso para os outros como se ele fosse superior a uma ide beleza tu usa vim mas o que tu programa de fato agora editar arquivos de configurações pelo terminal por exemplo o vim pra mim é ótimo,0,0,0,pt,True,sinto vir usar linguagem caso uso pessoal projeto próprio vejo trabalhar java usar vir impossível pessoa falar vir ganho produtividade achar depender caso uso linguagem falar curva aprendizar sinto pessoa usar vir sentir necessidade exibir alto ide beleza vir programa fato editar arquivo configuração terminal vir bom,Java|LOC
Sd_PpMlPmWY,UgyDf_iC-ni6Fnop4uJ4AaABAg,,principal,Java eclipse,0,2025-01-10T17:14:11Z,2025-01-10T17:14:11Z,Quais IDEs os engenheiros de software adoram e por quê?,Java eclipse,java eclipse,0,0,0,indefinido,True,jar eclipser,
Sd_PpMlPmWY,UgxTFmfI616X0thOoJ94AaABAg,,principal,é supérfulo afiar o machado antes de cortar a árvore? 🤷‍♂,2,2025-01-10T17:11:16Z,2025-01-10T17:11:16Z,Quais IDEs os engenheiros de software adoram e por quê?,é supérfulo afiar o machado antes de cortar a árvore? 🤷‍♂,é supérfulo afiar o machado antes de cortar a árvore,1,0,0,pt,True,supérfulo afiar machado cortar árvore,
Sd_PpMlPmWY,UgxTFmfI616X0thOoJ94AaABAg.AD7ITCRYpdOAD8Tcmae9FH,UgxTFmfI616X0thOoJ94AaABAg,resposta,supérfluo*,0,2025-01-11T04:08:04Z,2025-01-11T04:08:04Z,Quais IDEs os engenheiros de software adoram e por quê?,supérfluo*,supérfluo,0,0,0,indefinido,True,supérfluo,supérfluo*|LOC
Sd_PpMlPmWY,Ugzo7ZROoq8Um6jW5jR4AaABAg,,principal,2:32 eu me lembro bem que ouvi falar dele (Tabnine) pelo Deschamps lá nas idas de 2019 se não me engano. E eu cheguei a utilizar no meu finado vscode.,0,2025-01-10T16:48:00Z,2025-01-10T16:48:29Z,Quais IDEs os engenheiros de software adoram e por quê?,eu me lembro bem que ouvi falar dele (Tabnine) pelo Deschamps lá nas idas de 2019 se não me engano. E eu cheguei a utilizar no meu finado vscode.,eu me lembro bem que ouvi falar dele tabnine pelo deschamps lá nas idas de se não me engano e eu cheguei a utilizar no meu finado vscode,0,0,1,pt,True,lembro ouvir falar tabnine deschamps engano cheguei utilizar finado vscoder,Tabnine|ORG;Deschamps|PER
Sd_PpMlPmWY,UgxM5fXRqNmZzvMxfG54AaABAg,,principal,Cadê o Frontpage 98 com copilot?,9,2025-01-10T16:42:21Z,2025-01-10T16:42:21Z,Quais IDEs os engenheiros de software adoram e por quê?,Cadê o Frontpage 98 com copilot?,cadê o frontpage com copilot,0,0,0,pt,True,cadê frontpage copilot,Frontpage|MISC
Sd_PpMlPmWY,UgxM5fXRqNmZzvMxfG54AaABAg.AD7F9W0-7ZDAD7uKJj6NQd,UgxM5fXRqNmZzvMxfG54AaABAg,resposta,Só boomer entendeu,1,2025-01-10T22:50:50Z,2025-01-10T22:50:50Z,Quais IDEs os engenheiros de software adoram e por quê?,Só boomer entendeu,só boomer entendeu,0,0,0,indefinido,True,boomer entender,
Sd_PpMlPmWY,UgwHgf_Qd_mXbzTC98R4AaABAg,,principal,"Eu tenho usado o Windsurf. O agent realmente é bom, mas já estou olhando pra trás e com vontade de voltar a assinar o Cursor.",0,2025-01-10T16:24:14Z,2025-01-10T16:24:14Z,Quais IDEs os engenheiros de software adoram e por quê?,"Eu tenho usado o Windsurf. O agent realmente é bom, mas já estou olhando pra trás e com vontade de voltar a assinar o Cursor.",eu tenho usado o windsurf o agent realmente é bom mas já estou olhando pra trás e com vontade de voltar a assinar o cursor,0,0,0,pt,True,usar windsurf agent olhar vontade voltar assinar cursor,Windsurf|MISC;Cursor|PER
Sd_PpMlPmWY,UgwHgf_Qd_mXbzTC98R4AaABAg.AD7D4kYOQ-XAD7Gm6T2vtt,UgwHgf_Qd_mXbzTC98R4AaABAg,resposta,Qual seria a razão de querer voltar pro Cursor?,0,2025-01-10T16:56:30Z,2025-01-10T16:56:30Z,Quais IDEs os engenheiros de software adoram e por quê?,Qual seria a razão de querer voltar pro Cursor?,qual seria a razão de querer voltar pro cursor,0,0,0,pt,True,razão querer voltar cursor,Cursor?|MISC
Sd_PpMlPmWY,Ugx-nX7O0luEdw6P2cF4AaABAg,,principal,"Cara, tô trabalhando tem 30 dias como dev, e estou esquecendo de beber água. Beba água",3,2025-01-10T16:22:33Z,2025-01-10T16:22:33Z,Quais IDEs os engenheiros de software adoram e por quê?,"Cara, tô trabalhando tem 30 dias como dev, e estou esquecendo de beber água. Beba água",cara tô trabalhando tem dias como dev e estou esquecendo de beber água beba água,0,0,0,pt,True,carar trabalhar dia dev esquecer beber água bebo água,Cara|LOC
Sd_PpMlPmWY,Ugx_FDOA-6_i4FBNI2h4AaABAg,,principal,Eu usando emacs kkkkkkkk,2,2025-01-10T16:21:37Z,2025-01-10T16:21:37Z,Quais IDEs os engenheiros de software adoram e por quê?,Eu usando emacs kk,eu usando emacs,0,1,0,pt,True,usar emacs,
Sd_PpMlPmWY,Ugw7AQIxbjeH3ncmrHV4AaABAg,,principal,"Eu estou usando o windsurf, e é bem gostozinho de usar",3,2025-01-10T16:14:48Z,2025-01-10T16:14:48Z,Quais IDEs os engenheiros de software adoram e por quê?,"Eu estou usando o windsurf, e é bem gostozinho de usar",eu estou usando o windsurf e é bem gostozinho de usar,0,0,0,pt,True,usar windsurf gostozinho,
Sd_PpMlPmWY,UgxZABAdABd5oNRjcHd4AaABAg,,principal,i use neovim btw,0,2025-01-10T16:14:31Z,2025-01-10T16:14:31Z,Quais IDEs os engenheiros de software adoram e por quê?,i use neovim btw,i use neovim btw,0,0,0,hr,True,usar btw,i use neovim btw|MISC
Sd_PpMlPmWY,UgxGm_AgNRIunKWdHOd4AaABAg,,principal,lembrando que jetbrains tem a licença free pra galera da faculdade,0,2025-01-10T16:07:38Z,2025-01-10T16:07:38Z,Quais IDEs os engenheiros de software adoram e por quê?,lembrando que jetbrains tem a licença free pra galera da faculdade,lembrando que jetbrains tem a licença free pra galera da faculdade,0,0,0,pt,True,lembrar licença free galera faculdade,jetbrains|LOC
Sd_PpMlPmWY,UgzJNc54UPMJ32JymDB4AaABAg,,principal,"Lucas, se você tá sabendo de algo, fala da taxa que o Trump vai cobrar para estrangeiros latinos que enviam dinheiro para seu país de origem. Segundo andei lendo, as remetesse tax podem variar de 30% até 50% de pessoas que estão nos EUA enviando dinheiro para qualquer país latino americano, e esse dinheiro da taxa os EUA vão usar para construir o wall border dos EUA... Aí fico pensando, quem faz remoto para empresa gringa, vai pagar essa taxa?
E quem é bostileiro e ganha no youtuber, será que vai ser taxado?
Caraleo, 50% é mto imposto!!!!",4,2025-01-10T16:04:32Z,2025-01-10T16:04:32Z,Quais IDEs os engenheiros de software adoram e por quê?,"Lucas, se você tá sabendo de algo, fala da taxa que o Trump vai cobrar para estrangeiros latinos que enviam dinheiro para seu país de origem. Segundo andei lendo, as remetesse tax podem variar de 30% até 50% de pessoas que estão nos EUA enviando dinheiro para qualquer país latino americano, e esse dinheiro da taxa os EUA vão usar para construir o wall border dos EUA... Aí fico pensando, quem faz remoto para empresa gringa, vai pagar essa taxa? E quem é bostileiro e ganha no youtuber, será que vai ser taxado? Caraleo, 50% é mto imposto!!!!",lucas se você tá sabendo de algo fala da taxa que o trump vai cobrar para estrangeiros latinos que enviam dinheiro para seu país de origem segundo andei lendo as remetesse tax podem variar de até de pessoas que estão nos eua enviando dinheiro para qualquer país latino americano e esse dinheiro da taxa os eua vão usar para construir o wall border dos eua aí fico pensando quem faz remoto para empresa gringa vai pagar essa taxa e quem é bostileiro e ganha no youtuber será que vai ser taxado caraleo é mto imposto,0,0,0,pt,True,luca saber falar taxa trump cobrar estrangeiro latino enviar dinheiro país origem andar ler remeter variar pessoa eua enviar dinheiro país latino americano dinheiro taxa eua construir wall border eua fico pensar remoto empresa gringa pagar taxa bostileiro ganhar youtuber ser taxar caraleo mto imposto,Lucas|MISC;Trump|LOC;EUA|LOC;EUA|LOC;EUA|LOC;Caraleo|PER
Sd_PpMlPmWY,UgzJNc54UPMJ32JymDB4AaABAg.AD7ApRZ04usAD7B_EvZDY_,UgzJNc54UPMJ32JymDB4AaABAg,resposta,"Sério isso?
Eu vi isso na cnn mas não tinha entendido.",1,2025-01-10T16:11:03Z,2025-01-10T16:11:03Z,Quais IDEs os engenheiros de software adoram e por quê?,Sério isso? Eu vi isso na cnn mas não tinha entendido.,sério isso eu vi isso na cnn mas não tinha entendido,0,0,0,pt,True,sério ver cnn entender,cnn|ORG
Sd_PpMlPmWY,UgzJNc54UPMJ32JymDB4AaABAg.AD7ApRZ04usAD7Iu3-SpzL,UgzJNc54UPMJ32JymDB4AaABAg,resposta,"Isso só reforça como eles odeiam latino. Maaas, o que eu vi de notícia é que seria 10% a nível federal e alguns estados mais conservadores entrando na onda com 30-40%. O que reforça que o wall border é só uma desculpa esfarrapada, assim como de que a maioria do dinheiro é pra pagar coiotes. Mais de 80% dos imigrantes latinos estão legalmente no pais legalmente, e muito dos que entraram ilegalmente entraram legalmente.",0,2025-01-10T17:15:04Z,2025-01-10T17:15:04Z,Quais IDEs os engenheiros de software adoram e por quê?,"Isso só reforça como eles odeiam latino. Maas, o que eu vi de notícia é que seria 10% a nível federal e alguns estados mais conservadores entrando na onda com 30-40%. O que reforça que o wall border é só uma desculpa esfarrapada, assim como de que a maioria do dinheiro é pra pagar coiotes. Mais de 80% dos imigrantes latinos estão legalmente no pais legalmente, e muito dos que entraram ilegalmente entraram legalmente.",isso só reforça como eles odeiam latino maas o que eu vi de notícia é que seria a nível federal e alguns estados mais conservadores entrando na onda com o que reforça que o wall border é só uma desculpa esfarrapada assim como de que a maioria do dinheiro é pra pagar coiotes mais de dos imigrantes latinos estão legalmente no pais legalmente e muito dos que entraram ilegalmente entraram legalmente,0,0,0,pt,True,reforçar odeer latino maas ver notícia federal estado conservador entrar onda reforçar wall border desculpa esfarrapada dinheiro pagar coiote imigrante latino pai entrar entrar,Maas|PER;wall border|MISC
Sd_PpMlPmWY,UgzJNc54UPMJ32JymDB4AaABAg.AD7ApRZ04usAD7LKsFkh3y,UgzJNc54UPMJ32JymDB4AaABAg,resposta,"Isso é o que eu entendi:

Essa taxa é pra imigrante que mora nos EUA e envia dinheiro para a America Latina. Então se você estiver morando nos EUA, recebe teu dinheiro nos EUA e manda dinheiro para uma conta no Brasil, teria que pagar a taxa, mas se você mora no Brasil e recebe o dinheiro na sua conta aqui, não paga.

Basicamente se o dinheiro sair de uma empresa nos EUA e for pra tua conta PJ no Brasil, ta tudo certo. Se sair de uma conta ""PF"" nos EUA e for pra uma conta ""PF"" no Brasil, paga. Se ele taxar essa transferecia de PF pra PF vai ficar quase impossivel qualquer empresa na America Latina vender pros EUA.",1,2025-01-10T17:36:20Z,2025-01-10T17:36:20Z,Quais IDEs os engenheiros de software adoram e por quê?,"Isso é o que eu entendi: Essa taxa é pra imigrante que mora nos EUA e envia dinheiro para a America Latina. Então se você estiver morando nos EUA, recebe teu dinheiro nos EUA e manda dinheiro para uma conta no Brasil, teria que pagar a taxa, mas se você mora no Brasil e recebe o dinheiro na sua conta aqui, não paga. Basicamente se o dinheiro sair de uma empresa nos EUA e for pra tua conta PJ no Brasil, ta tudo certo. Se sair de uma conta ""PF"" nos EUA e for pra uma conta ""PF"" no Brasil, paga. Se ele taxar essa transferecia de PF pra PF vai ficar quase impossivel qualquer empresa na America Latina vender pros EUA.",isso é o que eu entendi essa taxa é pra imigrante que mora nos eua e envia dinheiro para a america latina então se você estiver morando nos eua recebe teu dinheiro nos eua e manda dinheiro para uma conta no brasil teria que pagar a taxa mas se você mora no brasil e recebe o dinheiro na sua conta aqui não paga basicamente se o dinheiro sair de uma empresa nos eua e for pra tua conta pj no brasil ta tudo certo se sair de uma conta pf nos eua e for pra uma conta pf no brasil paga se ele taxar essa transferecia de pf pra pf vai ficar quase impossivel qualquer empresa na america latina vender pros eua,0,0,0,pt,True,entender taxa imigrante morar eua enviar dinheiro america latino morar eua receber dinheiro eua mandar dinheiro conta brasil pagar taxa morar brasil receber dinheiro conta pagar dinheiro sair empresa eua conta brasil sair conta eua conta brasil pagar taxar transferecia ficar impossivel empresa america latino vender eua,EUA|LOC;America Latina|ORG;EUA|LOC;EUA|LOC;Brasil|LOC;Brasil|LOC;EUA|LOC;Brasil|LOC;EUA|LOC;Brasil|LOC;PF pra PF|MISC;America Latina|ORG;EUA|LOC
Sd_PpMlPmWY,UgzJNc54UPMJ32JymDB4AaABAg.AD7ApRZ04usAD7qNCwUkoe,UgzJNc54UPMJ32JymDB4AaABAg,resposta,"@ghuller Também entendi mais ou menos isso, mas achei que ficou mal explicado o negócio de ser remoto. Em outro artigo, dizia que se essa taxa fosse aprovada, acabaria com serviços de remessas em dólar pro Brasil, como, Transferwise, paypal etc, Aí pensei tb em como isso iria afetar não só quem trampa lá sendo imigrante, mas em quase todos os setores, incluindo o yutube... Bizarro mano, 30%-50%?",1,2025-01-10T22:16:17Z,2025-01-10T22:16:17Z,Quais IDEs os engenheiros de software adoram e por quê?,"Também entendi mais ou menos isso, mas achei que ficou mal explicado o negócio de ser remoto. Em outro artigo, dizia que se essa taxa fosse aprovada, acabaria com serviços de remessas em dólar pro Brasil, como, Transferwise, paypal etc, Aí pensei tb em como isso iria afetar não só quem trampa lá sendo imigrante, mas em quase todos os setores, incluindo o yutube... Bizarro mano, 30%-50%?",também entendi mais ou menos isso mas achei que ficou mal explicado o negócio de ser remoto em outro artigo dizia que se essa taxa fosse aprovada acabaria com serviços de remessas em dólar pro brasil como transferwise paypal etc aí pensei tb em como isso iria afetar não só quem trampa lá sendo imigrante mas em quase todos os setores incluindo o yutube bizarro mano,0,0,0,pt,True,entender achar ficar explicar negócio remoto artigo dizer taxa aprovar acabar serviço remessa dólar brasil transferwise paypal pensar afetar trampa imigrante setor incluir yutube bizarro,Brasil|LOC;Transferwise|ORG;... Bizarro|MISC
Sd_PpMlPmWY,Ugzvf0k1oMZnb1Clzi54AaABAg,,principal,Faltou o Devin. Devin tá 500 leleu.,0,2025-01-10T15:57:01Z,2025-01-10T15:57:01Z,Quais IDEs os engenheiros de software adoram e por quê?,Faltou o Devin. Devin tá 500 leleu.,faltou o devin devin tá leleu,0,0,0,indefinido,True,faltar devin devin leler,Devin|MISC;Devin|MISC
Sd_PpMlPmWY,UgxG3eT4uZ1DES3h2qJ4AaABAg,,principal,"pra mim, quanto menos IA melhor, hoje uso Jetbrains sem nada de IA (inclusive a janela de autocomplete só sendo invocada quando eu preciono ctrl+space) , quebra muito toda  a linha de pensamento pra ficar fazendo mini reviews conforme vai desenvolvendo
entendo quem gosta, sei que pode ser muito benefica, mas depois de tanto tempo sem isso é dificil fazer funcionar pra mim",0,2025-01-10T15:56:54Z,2025-01-10T15:56:54Z,Quais IDEs os engenheiros de software adoram e por quê?,"pra mim, quanto menos IA melhor, hoje uso Jetbrains sem nada de IA (inclusive a janela de autocomplete só sendo invocada quando eu preciono ctrl+space) , quebra muito toda a linha de pensamento pra ficar fazendo mini reviews conforme vai desenvolvendo entendo quem gosta, sei que pode ser muito benefica, mas depois de tanto tempo sem isso é dificil fazer funcionar pra mim",pra mim quanto menos ia melhor hoje uso jetbrains sem nada de ia inclusive a janela de autocomplete só sendo invocada quando eu preciono ctrl space quebra muito toda a linha de pensamento pra ficar fazendo mini reviews conforme vai desenvolvendo entendo quem gosta sei que pode ser muito benefica mas depois de tanto tempo sem isso é dificil fazer funcionar pra mim,0,0,0,pt,True,uso jetbraim janela autocomplete invocar preciono ctrl space quebrar linha pensamento ficar fazer mini reviews desenvolver enter gostar benefico dificil funcionar,Jetbrains|LOC;mini reviews|ORG
Sd_PpMlPmWY,UgyBXnVceKbOC1XCejB4AaABAg,,principal,"Sobre o último comentário do vídeo, no meio de tanta nova ferramenta de IA, eu tentei testar, mas depois de uma semana voltei pro meu sublime, e não olho pra trás",0,2025-01-10T15:52:14Z,2025-01-10T15:52:14Z,Quais IDEs os engenheiros de software adoram e por quê?,"Sobre o último comentário do vídeo, no meio de tanta nova ferramenta de IA, eu tentei testar, mas depois de uma semana voltei pro meu sublime, e não olho pra trás",sobre o último comentário do vídeo no meio de tanta nova ferramenta de ia eu tentei testar mas depois de uma semana voltei pro meu sublime e não olho pra trás,0,0,0,pt,True,ferramenta testar semana voltar sublime olho,
Sd_PpMlPmWY,UgyBXnVceKbOC1XCejB4AaABAg.AD79QNCpMR0AD86Wjit5hh,UgyBXnVceKbOC1XCejB4AaABAg,resposta,achei ele... o doido do sublime apsokapsokaspokas tmj meu bom,0,2025-01-11T00:46:08Z,2025-01-11T00:46:08Z,Quais IDEs os engenheiros de software adoram e por quê?,achei ele... o doido do sublime apsokapsokaspokas tmj meu bom,achei ele o doido do sublime apsokapsokaspokas tmj meu bom,0,0,0,indefinido,True,achar doido sublime apsokapsokaspokas tmj,
Sd_PpMlPmWY,UgwiLyyTDjfJZPfX64h4AaABAg,,principal,2:28 a jetbrains já tem sua ia própria,5,2025-01-10T15:49:01Z,2025-01-10T15:49:01Z,Quais IDEs os engenheiros de software adoram e por quê?,a jetbrains já tem sua ia própria,a jetbrains já tem sua ia própria,0,0,1,pt,True,jetbraim próprio,jetbrains|LOC
Sd_PpMlPmWY,UgwiLyyTDjfJZPfX64h4AaABAg.AD792ojdyrhADHmf4Rncj3,UgwiLyyTDjfJZPfX64h4AaABAg,resposta,"Não é própria, e sim do ChatGPT integrada; inclusive, é uma preocupação recente deles em usar o ChatGPT, pois ficaram reféns deles nesse quesito.",0,2025-01-14T18:56:18Z,2025-01-14T18:56:18Z,Quais IDEs os engenheiros de software adoram e por quê?,"Não é própria, e sim do ChatGPT integrada; inclusive, é uma preocupação recente deles em usar o ChatGPT, pois ficaram reféns deles nesse quesito.",não é própria e sim do chatgpt integrada inclusive é uma preocupação recente deles em usar o chatgpt pois ficaram reféns deles nesse quesito,0,0,0,pt,True,próprio chatgpt integrar preocupação recente chatgpt ficar refém quesito,ChatGPT|MISC;ChatGPT|MISC
Sd_PpMlPmWY,UgzEk9EgjBSSJQnTk0x4AaABAg,,principal,Notepad++ não tá na lista?,113,2025-01-10T15:47:53Z,2025-01-10T15:47:53Z,Quais IDEs os engenheiros de software adoram e por quê?,Notepad++ não tá na lista?,notepad não tá na lista,0,0,0,pt,True,lista,Notepad++|MISC
Sd_PpMlPmWY,UgzEk9EgjBSSJQnTk0x4AaABAg.AD78vYDJeOiAD7LAUpNwjD,UgzEk9EgjBSSJQnTk0x4AaABAg,resposta,Vscode + Notepad++ winmerge + Postman + chatgpt + Git  e minha ferramentaria no meu caso docker so para uso pessoal,6,2025-01-10T17:34:56Z,2025-01-10T17:35:59Z,Quais IDEs os engenheiros de software adoram e por quê?,Vscode + Notepad++ winmerge + Postman + chatgpt + Git e minha ferramentaria no meu caso docker so para uso pessoal,vscode notepad winmerge postman chatgpt git e minha ferramentaria no meu caso docker so para uso pessoal,0,0,0,pt,True,vscoder winmerge postman chatgpt git ferramentario caso docker uso pessoal,Postman|PER;Git|MISC
Sd_PpMlPmWY,UgzEk9EgjBSSJQnTk0x4AaABAg.AD78vYDJeOiAD7LPcwXE4W,UgzEk9EgjBSSJQnTk0x4AaABAg,resposta,Notepad++ tem IA? A lista é com IA,5,2025-01-10T17:36:59Z,2025-01-10T17:36:59Z,Quais IDEs os engenheiros de software adoram e por quê?,Notepad++ tem IA? A lista é com IA,notepad tem ia a lista é com ia,0,0,0,pt,True,lista,Notepad++|LOC
Sd_PpMlPmWY,UgzEk9EgjBSSJQnTk0x4AaABAg.AD78vYDJeOiAD7LmQRh749,UgzEk9EgjBSSJQnTk0x4AaABAg,resposta,@ Só Inteligência Humana,9,2025-01-10T17:40:14Z,2025-01-10T17:40:14Z,Quais IDEs os engenheiros de software adoram e por quê?,@ Só Inteligência Humana,só inteligência humana,0,0,0,pt,True,inteligência humano,
Sd_PpMlPmWY,UgzEk9EgjBSSJQnTk0x4AaABAg.AD78vYDJeOiAD7R48jyyP9,UgzEk9EgjBSSJQnTk0x4AaABAg,resposta,notepad++ é aquele programa que substitui o bloco de notas e ajuda a dar uma olhada rápida no código fonte de algum arquivo kkkkkkk,7,2025-01-10T18:26:29Z,2025-01-10T18:26:29Z,Quais IDEs os engenheiros de software adoram e por quê?,notepad++ é aquele programa que substitui o bloco de notas e ajuda a dar uma olhada rápida no código fonte de algum arquivo kk,notepad é aquele programa que substitui o bloco de notas e ajuda a dar uma olhada rápida no código fonte de algum arquivo,0,1,0,pt,True,programa substituir bloco nota ajudar olhado código fonte arquivo,
Sd_PpMlPmWY,UgzEk9EgjBSSJQnTk0x4AaABAg.AD78vYDJeOiAD7Y7fc0aKV,UgzEk9EgjBSSJQnTk0x4AaABAg,resposta,@thomashelwys1474 ele e um canivete suíço usando os plugins da pra fazer varias coisas comparar fontes automatizar alterações em arquivos json e xml  NFE  trabalhar com arquivos CNAB eu ja fiz programa em python inteiros nele e de muita ajuda. e claro que fui zuera o cara citar o Notepad++ mas tem o seu valor,0,2025-01-10T19:28:08Z,2025-01-10T19:28:08Z,Quais IDEs os engenheiros de software adoram e por quê?,ele e um canivete suíço usando os plugins da pra fazer varias coisas comparar fontes automatizar alterações em arquivos json e xml NFE trabalhar com arquivos CNAB eu ja fiz programa em python inteiros nele e de muita ajuda. e claro que fui zuera o cara citar o Notepad++ mas tem o seu valor,ele e um canivete suíço usando os plugins da pra fazer varias coisas comparar fontes automatizar alterações em arquivos json e xml nfe trabalhar com arquivos cnab eu ja fiz programa em python inteiros nele e de muita ajuda e claro que fui zuera o cara citar o notepad mas tem o seu valor,0,0,0,pt,True,canivete suíço usar plugim vario coisa comparar fonte automatizar alteração arquivo json xml trabalhar arquivo cnab fiz programa python inteiro ajuda claro zuer citar notepad,xml NFE|MISC;CNAB|ORG;python|MISC
Sd_PpMlPmWY,UgzEk9EgjBSSJQnTk0x4AaABAg.AD78vYDJeOiAD7YmyF3dQo,UgzEk9EgjBSSJQnTk0x4AaABAg,resposta,@ericksonfpv tem o plug-in /nppopenai   ele também ja ta no hype da IA kkkkkk,0,2025-01-10T19:33:55Z,2025-01-10T19:33:55Z,Quais IDEs os engenheiros de software adoram e por quê?,tem o plug-in /nppopenai ele também ja ta no hype da IA kk,tem o plug in nppopenai ele também ja ta no hype da ia,0,1,0,indefinido,True,plug nppopenai hype,
Sd_PpMlPmWY,UgzEk9EgjBSSJQnTk0x4AaABAg.AD78vYDJeOiAD7g8HyqKoT,UgzEk9EgjBSSJQnTk0x4AaABAg,resposta,Faltou o vi do Linux.😂😂😂😂😂😂😂😂😂,3,2025-01-10T20:46:52Z,2025-01-10T20:46:52Z,Quais IDEs os engenheiros de software adoram e por quê?,Faltou o vi do Linux.😂😂😂😂😂😂😂😂😂,faltou o vi do linux,9,0,0,pt,True,faltar ver linux,Linux|MISC;😂😂😂😂😂😂😂😂😂|PER
Sd_PpMlPmWY,UgzEk9EgjBSSJQnTk0x4AaABAg.AD78vYDJeOiAD92oBNV4LL,UgzEk9EgjBSSJQnTk0x4AaABAg,resposta,"@thomashelwys1474 eu tbm uso só pra leituras e estudos rápidos de códigos. Agora pra codar projetos a sério, vou vscode e intellij idea",0,2025-01-11T09:32:56Z,2025-01-11T09:32:56Z,Quais IDEs os engenheiros de software adoram e por quê?,"eu tbm uso só pra leituras e estudos rápidos de códigos. Agora pra codar projetos a sério, vou vscode e intellij idea",eu tbm uso só pra leituras e estudos rápidos de códigos agora pra codar projetos a sério vou vscode e intellij idea,0,0,0,pt,True,usar leitura estudo rápido código codar projeto sério vscoder intellij idea,
Sd_PpMlPmWY,UgzEk9EgjBSSJQnTk0x4AaABAg.AD78vYDJeOiAD975gxxfBu,UgzEk9EgjBSSJQnTk0x4AaABAg,resposta,Adorei essa! KKKKKKKKKKKKKKKKKKKKKKKKKKKKKKKK,1,2025-01-11T10:10:25Z,2025-01-11T10:10:25Z,Quais IDEs os engenheiros de software adoram e por quê?,Adorei essa! KK,adorei essa,0,1,0,pt,True,adorar,
Sd_PpMlPmWY,UgzEk9EgjBSSJQnTk0x4AaABAg.AD78vYDJeOiAD9B6JI4Un1,UgzEk9EgjBSSJQnTk0x4AaABAg,resposta,Pow sdd quando eu deixava 60 mil comandos salvos,0,2025-01-11T10:45:27Z,2025-01-11T10:45:27Z,Quais IDEs os engenheiros de software adoram e por quê?,Pow sdd quando eu deixava 60 mil comandos salvos,pow sdd quando eu deixava mil comandos salvos,0,0,0,pt,True,pow deixar comando salvo,Pow|LOC
Sd_PpMlPmWY,UgzEk9EgjBSSJQnTk0x4AaABAg.AD78vYDJeOiADF1zRYZBkk,UgzEk9EgjBSSJQnTk0x4AaABAg,resposta,Sublime e neovim,0,2025-01-13T17:21:11Z,2025-01-13T17:21:25Z,Quais IDEs os engenheiros de software adoram e por quê?,Sublime e neovim,sublime e neovim,0,0,0,indefinido,True,sublime neovim,Sublime|LOC
Sd_PpMlPmWY,UgzEk9EgjBSSJQnTk0x4AaABAg.AD78vYDJeOiADFd3sC9wWV,UgzEk9EgjBSSJQnTk0x4AaABAg,resposta,​@candidomribeiro pse ngm falando do nano ai,0,2025-01-13T22:53:58Z,2025-01-13T22:53:58Z,Quais IDEs os engenheiros de software adoram e por quê?,pse ngm falando do nano ai,pse ngm falando do nano ai,0,0,0,indefinido,True,pse ngm falar nano,
Sd_PpMlPmWY,Ugx_uineqtpLtcR2hOh4AaABAg,,principal,"Não sei pra que inventar moda, vscode já tem quase tudo, só falta uma bind pra subir ou descer pra outra função",5,2025-01-10T15:47:18Z,2025-01-10T15:47:18Z,Quais IDEs os engenheiros de software adoram e por quê?,"Não sei pra que inventar moda, vscode já tem quase tudo, só falta uma bind pra subir ou descer pra outra função",não sei pra que inventar moda vscode já tem quase tudo só falta uma bind pra subir ou descer pra outra função,0,0,0,pt,True,inventar moda vscoder bind subir descer função,
Sd_PpMlPmWY,Ugx_uineqtpLtcR2hOh4AaABAg.AD78rHsL81uADAH1Xc6cEV,Ugx_uineqtpLtcR2hOh4AaABAg,resposta,Eu uso o vs code. Seria bom eles melhorarem a view do projeto no menu esquerdo. As vezes fica dificil visualizar a estrutura de diretórios  quando tem mtos niveis,0,2025-01-11T20:56:28Z,2025-01-11T20:56:28Z,Quais IDEs os engenheiros de software adoram e por quê?,Eu uso o vs code. Seria bom eles melhorarem a view do projeto no menu esquerdo. As vezes fica dificil visualizar a estrutura de diretórios quando tem mtos niveis,eu uso o vs code seria bom eles melhorarem a view do projeto no menu esquerdo as vezes fica dificil visualizar a estrutura de diretórios quando tem mtos niveis,0,0,0,pt,True,usar coder melhorar view projeto menu esquerdo ficar dificil visualizar estrutura diretório mto nivel,
Sd_PpMlPmWY,Ugw3_TjOiPTEd5d2wx94AaABAg,,principal,Você é o Lucas Montano mesmo?,0,2025-01-10T15:43:44Z,2025-01-10T15:43:44Z,Quais IDEs os engenheiros de software adoram e por quê?,Você é o Lucas Montano mesmo?,você é o lucas montano mesmo,0,0,0,pt,True,lucas montano,Lucas|MISC
Sd_PpMlPmWY,Ugw1vJrRa8oaGN3_Vzd4AaABAg,,principal,"Uso bloco de notas e terminal existe como usar outra coisa






Brincadeiras a parte uso itelij e Android Studio",9,2025-01-10T15:42:11Z,2025-01-10T15:42:11Z,Quais IDEs os engenheiros de software adoram e por quê?,Uso bloco de notas e terminal existe como usar outra coisa Brincadeiras a parte uso itelij e Android Studio,uso bloco de notas e terminal existe como usar outra coisa brincadeiras a parte uso itelij e android studio,0,0,0,pt,True,uso bloco nota terminal existir brincadeiro uso itelij android studio,Brincadeiras|LOC;Android Studio|PER
Sd_PpMlPmWY,UgyHDvzIZSFH27u3wBd4AaABAg,,principal,"Será que sou o único que gosta do visual studio, sem ser o vscode? Uso o Visual Studio IDE com github copilot.",0,2025-01-10T15:40:47Z,2025-01-10T15:40:47Z,Quais IDEs os engenheiros de software adoram e por quê?,"Será que sou o único que gosta do visual studio, sem ser o vscode? Uso o Visual Studio IDE com github copilot.",será que sou o único que gosta do visual studio sem ser o vscode uso o visual studio ide com github copilot,0,0,0,pt,True,ser único gostar visual studio vscoder uso visual studio ide github copilot,Visual Studio IDE|MISC
Sd_PpMlPmWY,Ugz_qO3UzjdnZDOr-J94AaABAg,,principal,"O negócio é virar soldador
Pq existia ferro antes de Jesus e existe até hoje",17,2025-01-10T15:39:42Z,2025-01-10T15:39:42Z,Quais IDEs os engenheiros de software adoram e por quê?,O negócio é virar soldador Pq existia ferro antes de Jesus e existe até hoje,o negócio é virar soldador pq existia ferro antes de jesus e existe até hoje,0,0,0,pt,True,negócio virar soldador existir ferro jesus existir,Jesus|PER
Sd_PpMlPmWY,Ugz_qO3UzjdnZDOr-J94AaABAg.AD77z_JY2twAD7BDqL3oZj,Ugz_qO3UzjdnZDOr-J94AaABAg,resposta,Qualquer trabalho braçal vai ser escasso no futuro,1,2025-01-10T16:08:00Z,2025-01-10T16:08:00Z,Quais IDEs os engenheiros de software adoram e por quê?,Qualquer trabalho braçal vai ser escasso no futuro,qualquer trabalho braçal vai ser escasso no futuro,0,0,0,pt,True,trabalho braçal escasso futuro,
Sd_PpMlPmWY,Ugz_qO3UzjdnZDOr-J94AaABAg.AD77z_JY2twAD7RR6MUWQy,Ugz_qO3UzjdnZDOr-J94AaABAg,resposta,"@Mettha600 cara, foi uma piada..",1,2025-01-10T18:29:37Z,2025-01-10T18:29:37Z,Quais IDEs os engenheiros de software adoram e por quê?,"cara, foi uma piada..",cara foi uma piada,0,0,0,pt,True,piada,
Sd_PpMlPmWY,Ugz_qO3UzjdnZDOr-J94AaABAg.AD77z_JY2twAD7f2_iWtkT,Ugz_qO3UzjdnZDOr-J94AaABAg,resposta,​@shikanoko666o pior é que não foi.,0,2025-01-10T20:37:21Z,2025-01-10T20:37:21Z,Quais IDEs os engenheiros de software adoram e por quê?,pior é que não foi.,pior é que não foi,0,0,0,pt,True,mau,
Sd_PpMlPmWY,UgwnjEISqxATwN_8Dy14AaABAg,,principal,Eu uso o windsurf e cursor,0,2025-01-10T15:29:58Z,2025-01-10T15:29:58Z,Quais IDEs os engenheiros de software adoram e por quê?,Eu uso o windsurf e cursor,eu uso o windsurf e cursor,0,0,0,indefinido,True,usar windsurf cursor,
Sd_PpMlPmWY,Ugxa4VnokxddnumVDOh4AaABAg,,principal,"eu pago 20$ pelo Cursor, ja testei varios e para mim é o melhor, vale a pena o dinheiro e poupa-me horas de trabalho",0,2025-01-10T15:21:23Z,2025-01-10T15:21:23Z,Quais IDEs os engenheiros de software adoram e por quê?,"eu pago 20$ pelo Cursor, ja testei varios e para mim é o melhor, vale a pena o dinheiro e poupa-me horas de trabalho",eu pago pelo cursor ja testei varios e para mim é o melhor vale a pena o dinheiro e poupa me horas de trabalho,0,0,0,pt,True,pagar cursor testei vario bom valer pena dinheiro poupar hora trabalho,Cursor|ORG
Sd_PpMlPmWY,Ugxa4VnokxddnumVDOh4AaABAg.AD75tVDyh0AAD7cSIOUUGQ,Ugxa4VnokxddnumVDOh4AaABAg,resposta,"Demais, cara! Eu consegui adiantar tantas tarefas em poucos dias",0,2025-01-10T20:14:38Z,2025-01-10T20:14:38Z,Quais IDEs os engenheiros de software adoram e por quê?,"Demais, cara! Eu consegui adiantar tantas tarefas em poucos dias",demais cara eu consegui adiantar tantas tarefas em poucos dias,0,0,0,pt,True,conseguir adiantar tarefa dia,
Sd_PpMlPmWY,UgxanzkxZ-eIE2zchg94AaABAg,,principal,"sou engenheiro de dados e trabalho na globo mais especificamente na Globo play na parte de pipelines e também faço manutenção no modelo de IA pra obtenção de metadados em tempo real pra alimentar os bancos de dados que o modelo de recomendação usa pra alterar as recomendações em tempo real na tela do cliente. terça feira tava falando com uns amigos que moram perto de casa e que conheço há muitos anos, aí do nada a gente começou um assunto bem específico sobre eles estarem cansados da parte matemática na faculdade de CC. 

eu me formei em estatística, então me acostumei mas cara, me surpreendo como que a galera programadora atualmente não tem nenhum domínio matemático em nenhuma área. você pergunta pra os caras coisas super básicas tipo o que é uma distribuição de poisson, o que é um teste de normalidade, uma variável não paramétrica, ou coisas assim bem básicas mesmo e os caras não sabem... e daí já vi bastante relato de pessoas tentarem entrar na área de ciência de dados/nteligência artificial e se frustrarem porque descobrem que nessa área o mais essencial não é saber código e sim o domínio matemático e a fundamentação teórica dessas coisas. 

estudem galera, quanto mais especializados vocês forem, maior o leque de possibilidades pra buscar vagas vocês tem.talvez seja essa a diferença maior entre programadores mais antigos e os mais novos, os mais antigos não aprendiam apenas o necessário, mas sim aprendiam tudo de forma mais profunda. é por isso que tem uma montanha de programador ganhando 2 3 mil reais por mês quando se tivesse se especializado um pouco mais, poderia estar ganhando mais",0,2025-01-10T15:21:15Z,2025-01-10T15:21:15Z,Quais IDEs os engenheiros de software adoram e por quê?,"sou engenheiro de dados e trabalho na globo mais especificamente na Globo play na parte de pipelines e também faço manutenção no modelo de IA pra obtenção de metadados em tempo real pra alimentar os bancos de dados que o modelo de recomendação usa pra alterar as recomendações em tempo real na tela do cliente. terça feira tava falando com uns amigos que moram perto de casa e que conheço há muitos anos, aí do nada a gente começou um assunto bem específico sobre eles estarem cansados da parte matemática na faculdade de CC. eu me formei em estatística, então me acostumei mas cara, me surpreendo como que a galera programadora atualmente não tem nenhum domínio matemático em nenhuma área. você pergunta pra os caras coisas super básicas tipo o que é uma distribuição de poisson, o que é um teste de normalidade, uma variável não paramétrica, ou coisas assim bem básicas mesmo e os caras não sabem... e daí já vi bastante relato de pessoas tentarem entrar na área de ciência de dados/nteligência artificial e se frustrarem porque descobrem que nessa área o mais essencial não é saber código e sim o domínio matemático e a fundamentação teórica dessas coisas. estudem galera, quanto mais especializados vocês forem, maior o leque de possibilidades pra buscar vagas vocês tem.talvez seja essa a diferença maior entre programadores mais antigos e os mais novos, os mais antigos não aprendiam apenas o necessário, mas sim aprendiam tudo de forma mais profunda. é por isso que tem uma montanha de programador ganhando 2 3 mil reais por mês quando se tivesse se especializado um pouco mais, poderia estar ganhando mais",sou engenheiro de dados e trabalho na globo mais especificamente na globo play na parte de pipelines e também faço manutenção no modelo de ia pra obtenção de metadados em tempo real pra alimentar os bancos de dados que o modelo de recomendação usa pra alterar as recomendações em tempo real na tela do cliente terça feira tava falando com uns amigos que moram perto de casa e que conheço há muitos anos aí do nada a gente começou um assunto bem específico sobre eles estarem cansados da parte matemática na faculdade de cc eu me formei em estatística então me acostumei mas cara me surpreendo como que a galera programadora atualmente não tem nenhum domínio matemático em nenhuma área você pergunta pra os caras coisas super básicas tipo o que é uma distribuição de poisson o que é um teste de normalidade uma variável não paramétrica ou coisas assim bem básicas mesmo e os caras não sabem e daí já vi bastante relato de pessoas tentarem entrar na área de ciência de dados nteligência artificial e se frustrarem porque descobrem que nessa área o mais essencial não é saber código e sim o domínio matemático e a fundamentação teórica dessas coisas estudem galera quanto mais especializados vocês forem maior o leque de possibilidades pra buscar vagas vocês tem talvez seja essa a diferença maior entre programadores mais antigos e os mais novos os mais antigos não aprendiam apenas o necessário mas sim aprendiam tudo de forma mais profunda é por isso que tem uma montanha de programador ganhando mil reais por mês quando se tivesse se especializado um pouco mais poderia estar ganhando mais,0,0,0,pt,True,engenheiro dado trabalho globo globo playr pipeline manutenção modelo obtenção metadado real alimentar banco dado modelo recomendação alterar recomendação real tela cliente terça feira tar falar amigo morar casa conhecer haver ano começar assunto específico cansar matemático faculdade formei estatística acostumeir carar surpreer galera programadora domínio matemático perguntar coisa super básico distribuição poisson teste normalidade variável paramétrico coisa básica saber ver relato pessoa tentar entrar ciência dado nteligência artificial frustrar descobr essencial código domínio matemático fundamentação teórico coisa estuder galera especializado leque possibilidade buscar vaga diferença programador antigo antigo aprendir necessário aprendir profundo montanha programador ganhar real ter especializar poder ganhar,Globo|ORG;poisson|PER
Sd_PpMlPmWY,UgyXdvjrQpYxikuO4cN4AaABAg,,principal,Qual a real opinião de vocês sobre o Cursor?,2,2025-01-10T15:18:19Z,2025-01-10T15:18:19Z,Quais IDEs os engenheiros de software adoram e por quê?,Qual a real opinião de vocês sobre o Cursor?,qual a real opinião de vocês sobre o cursor,0,0,0,pt,True,real opinião cursor,Cursor?|MISC
Sd_PpMlPmWY,UgyXdvjrQpYxikuO4cN4AaABAg.AD75XoZb4v1AD79AaGKVim,UgyXdvjrQpYxikuO4cN4AaABAg,resposta,VScode c tem uma IA embutida.,1,2025-01-10T15:50:05Z,2025-01-10T15:50:05Z,Quais IDEs os engenheiros de software adoram e por quê?,VScode c tem uma IA embutida.,vscode c tem uma ia embutida,0,0,0,pt,True,vscoder embuter,
Sd_PpMlPmWY,UgyXdvjrQpYxikuO4cN4AaABAg.AD75XoZb4v1AD7EbsHjnU9,UgyXdvjrQpYxikuO4cN4AaABAg,resposta,Eu gosto do cursor do mouse,1,2025-01-10T16:37:38Z,2025-01-10T16:37:38Z,Quais IDEs os engenheiros de software adoram e por quê?,Eu gosto do cursor do mouse,eu gosto do cursor do mouse,0,0,0,pt,True,gostar cursor mouse,
Sd_PpMlPmWY,UgyXdvjrQpYxikuO4cN4AaABAg.AD75XoZb4v1AD7FFenOvzl,UgyXdvjrQpYxikuO4cN4AaABAg,resposta,"Bom, mas eu prefiro a solução da Codeium: Windsurf. Quem usa Cursor pode dar uma conferida que eu achei melhor",1,2025-01-10T16:43:12Z,2025-01-10T16:43:12Z,Quais IDEs os engenheiros de software adoram e por quê?,"Bom, mas eu prefiro a solução da Codeium: Windsurf. Quem usa Cursor pode dar uma conferida que eu achei melhor",bom mas eu prefiro a solução da codeium windsurf quem usa cursor pode dar uma conferida que eu achei melhor,0,0,0,pt,True,prefirar solução codeium windsurf cursor conferida achar,Codeium|MISC;Windsurf|MISC
Sd_PpMlPmWY,UgyXdvjrQpYxikuO4cN4AaABAg.AD75XoZb4v1ADD9BtObP6z,UgyXdvjrQpYxikuO4cN4AaABAg,resposta,@moimsk8Também achei melhor o WindSurf em relação ao Cursor.,0,2025-01-12T23:45:42Z,2025-01-12T23:45:42Z,Quais IDEs os engenheiros de software adoram e por quê?,achei melhor o WindSurf em relação ao Cursor.,achei melhor o windsurf em relação ao cursor,0,0,0,pt,True,achar windsurf cursor,WindSurf|MISC;Cursor|ORG
Sd_PpMlPmWY,Ugy0-YS3ykFBwyeyIhp4AaABAg,,principal,"Eu tenho muitas, mas ""intelijeeeeei"" e ""viéssicode"" são minhas favoritas.",36,2025-01-10T15:13:10Z,2025-01-10T15:13:10Z,Quais IDEs os engenheiros de software adoram e por quê?,"Eu tenho muitas, mas ""intelijeei"" e ""viéssicode"" são minhas favoritas.",eu tenho muitas mas intelijeei e viéssicode são minhas favoritas,0,0,0,pt,True,intelijeei viéssicoder favorito,
Sd_PpMlPmWY,UgzsAhZo9NDFq4oUyh54AaABAg,,principal,"Qualquer IDE do Jetbrains, não consigo usar VSCode",24,2025-01-10T15:12:32Z,2025-01-10T15:12:32Z,Quais IDEs os engenheiros de software adoram e por quê?,"Qualquer IDE do Jetbrains, não consigo usar VSCode",qualquer ide do jetbrains não consigo usar vscode,0,0,0,pt,True,ide jetbraim com si vscode,Jetbrains|LOC
Sd_PpMlPmWY,UgzsAhZo9NDFq4oUyh54AaABAg.AD74scJ6rOKAD794afEpPT,UgzsAhZo9NDFq4oUyh54AaABAg,resposta,Jetbrains é vida !!,6,2025-01-10T15:49:16Z,2025-01-10T15:49:16Z,Quais IDEs os engenheiros de software adoram e por quê?,Jetbrains é vida !!,jetbrains é vida,0,0,0,indefinido,True,jetbraim vida,Jetbrains|LOC
Sd_PpMlPmWY,UgzsAhZo9NDFq4oUyh54AaABAg.AD74scJ6rOKAD7FM6dz2Z4,UgzsAhZo9NDFq4oUyh54AaABAg,resposta,Eu não uso vs code 💅💅,8,2025-01-10T16:44:05Z,2025-01-10T16:44:05Z,Quais IDEs os engenheiros de software adoram e por quê?,Eu não uso vs code 💅💅,eu não uso vs code,2,0,0,pt,True,uso coder,
Sd_PpMlPmWY,UgzsAhZo9NDFq4oUyh54AaABAg.AD74scJ6rOKAD85Y0-dRBV,UgzsAhZo9NDFq4oUyh54AaABAg,resposta,"não é nem q vscode é bom, mas as IDE da Jetbrains é maravilhoso, dps q comecei a trabalhar nela, nunca mais voltei pro vscode",2,2025-01-11T00:37:34Z,2025-01-11T00:37:34Z,Quais IDEs os engenheiros de software adoram e por quê?,"não é nem q vscode é bom, mas as IDE da Jetbrains é maravilhoso, dps q comecei a trabalhar nela, nunca mais voltei pro vscode",não é nem q vscode é bom mas as ide da jetbrains é maravilhoso dps q comecei a trabalhar nela nunca mais voltei pro vscode,0,0,0,pt,True,vscoder ide jetbraim maravilhoso dps começar trabalhar voltar vscoder,Jetbrains|LOC
Sd_PpMlPmWY,UgzsAhZo9NDFq4oUyh54AaABAg.AD74scJ6rOKADC_OfLRuPK,UgzsAhZo9NDFq4oUyh54AaABAg,resposta,Quem usa VSCode é lélé da cuca,0,2025-01-12T18:24:08Z,2025-01-12T18:24:08Z,Quais IDEs os engenheiros de software adoram e por quê?,Quem usa VSCode é lélé da cuca,quem usa vscode é lélé da cuca,0,0,0,pt,True,vscoder lélé cuca,
Sd_PpMlPmWY,UgzsAhZo9NDFq4oUyh54AaABAg.AD74scJ6rOKADCb_PfiilO,UgzsAhZo9NDFq4oUyh54AaABAg,resposta,"@danielneto6619  é só IDE parceiro kkk, lelé é quem se acha melhor por usar vim",1,2025-01-12T18:43:13Z,2025-01-12T18:43:13Z,Quais IDEs os engenheiros de software adoram e por quê?,"é só IDE parceiro kk, lelé é quem se acha melhor por usar vim",é só ide parceiro lelé é quem se acha melhor por usar vim,0,1,0,pt,True,ide parceiro lelé achar vim,
Sd_PpMlPmWY,UgzsAhZo9NDFq4oUyh54AaABAg.AD74scJ6rOKADCd_shDicg,UgzsAhZo9NDFq4oUyh54AaABAg,resposta,@ quem usa vim é mais lélé ainda,0,2025-01-12T19:00:45Z,2025-01-12T19:00:45Z,Quais IDEs os engenheiros de software adoram e por quê?,@ quem usa vim é mais lélé ainda,quem usa vim é mais lélé ainda,0,0,0,pt,True,vir lélé,
Sd_PpMlPmWY,UgzsAhZo9NDFq4oUyh54AaABAg.AD74scJ6rOKADCeZI30-dh,UgzsAhZo9NDFq4oUyh54AaABAg,resposta,@danielneto6619  KAKAKAKAKA,0,2025-01-12T19:09:16Z,2025-01-12T19:09:16Z,Quais IDEs os engenheiros de software adoram e por quê?,KAKAKAKAKA,kakakakaka,0,0,0,indefinido,True,kakakakaka,KAKAKAKAKA|LOC
Sd_PpMlPmWY,UgzsAhZo9NDFq4oUyh54AaABAg.AD74scJ6rOKADMM9w53SSm,UgzsAhZo9NDFq4oUyh54AaABAg,resposta,WebStorm simplesmente funciona.,1,2025-01-16T13:32:11Z,2025-01-16T13:32:11Z,Quais IDEs os engenheiros de software adoram e por quê?,WebStorm simplesmente funciona.,webstorm simplesmente funciona,0,0,0,es,True,webstorm funcionar,WebStorm|MISC
Sd_PpMlPmWY,UgzJMvv25ZCqZQpTFfZ4AaABAg,,principal,acabei de instalar zed,0,2025-01-10T15:09:22Z,2025-01-10T15:09:22Z,Quais IDEs os engenheiros de software adoram e por quê?,acabei de instalar zed,acabei de instalar zed,0,0,0,indefinido,True,acabar instalar,
Sd_PpMlPmWY,UgzDdNn4pSZrLOBrba14AaABAg,,principal,"Before i using vscode, actually utility Cursor, nothing for alternative.",1,2025-01-10T15:03:53Z,2025-01-10T15:03:53Z,Quais IDEs os engenheiros de software adoram e por quê?,"Before i using vscode, actually utility Cursor, nothing for alternative.",before i using vscode actually utility cursor nothing for alternative,0,0,0,en,False,before using vscoder actually utility cursor nothing alternative,Before|PER
Sd_PpMlPmWY,Ugy422Ds3QxGILKgF8F4AaABAg,,principal,58 segundo eh insano,0,2025-01-10T15:01:49Z,2025-01-10T15:01:49Z,Quais IDEs os engenheiros de software adoram e por quê?,58 segundo eh insano,segundo eh insano,0,0,0,pt,True,insano,
